run,operation,started,time,status,label,blocker,data_location,dataset,gpu,model,postprune_epochs,preprune_epochs,pruner,save_path,sparsity,step,Accuracy/postprune,Loss/postprune,Sparsity,alignment_score,best_post_acc,best_post_loss,best_pre_acc,best_pre_loss,immediate_post_acc,immediate_post_loss,Accuracy/preprune,Loss/preprune
9f9b20cb,main.py,2022-07-02 00:52:38,0:00:22,error,resnet20_cifar10,none,/home/yliu/torch_subspace/data/,cifar10,cuda,resnet20,160,160,alignment_variance,/home/yliu/torch_subspace/checkpoint/resnet20_cifar10_epoch_160,0.89,,,,,,,,,,,,,
18d87cbf,main.py,2022-07-02 00:52:20,0:00:22,error,resnet20_cifar10,none,/home/yliu/torch_subspace/data/,cifar10,cuda,resnet20,160,160,alignment_variance,/home/yliu/torch_subspace/checkpoint/resnet20_cifar10_epoch_160,0.93,,,,,,,,,,,,,
7459123c,main.py,2022-07-02 00:52:15,0:00:22,error,resnet20_cifar10,none,/home/yliu/torch_subspace/data/,cifar10,cuda,resnet20,160,160,alignment_variance,/home/yliu/torch_subspace/checkpoint/resnet20_cifar10_epoch_160,0.96,,,,,,,,,,,,,
cae74769,main.py,2022-07-02 00:51:57,0:00:21,error,resnet20_cifar10,none,/home/yliu/torch_subspace/data/,cifar10,cuda,resnet20,160,160,alignment_variance,/home/yliu/torch_subspace/checkpoint/resnet20_cifar10_epoch_160,0.98,,,,,,,,,,,,,
ba632c83,main.py,2022-07-02 00:51:52,0:00:22,error,resnet20_cifar10,none,/home/yliu/torch_subspace/data/,cifar10,cuda,resnet20,160,160,alignment_variance,/home/yliu/torch_subspace/checkpoint/resnet20_cifar10_epoch_160,0.99,,,,,,,,,,,,,
f67375ac,main.py,2022-07-02 00:50:28,0:49:51,completed,resnet20_cifar10,none,/home/yliu/torch_subspace/data/,cifar10,cuda,resnet20,160,160,magnitude,/home/yliu/torch_subspace/checkpoint/resnet20_cifar10_epoch_160,0.89,160,0.7736999988555908,0.6785585284233093,0.875,17.812047958374023,0.7738000154495239,0.6785585284233093,0.9070000052452087,0.3777996003627777,0.10000000149011612,2.966364622116089,,
6cee1de6,main.py,2022-07-02 00:50:23,0:49:28,completed,resnet20_cifar10,none,/home/yliu/torch_subspace/data/,cifar10,cuda,resnet20,160,160,magnitude,/home/yliu/torch_subspace/checkpoint/resnet20_cifar10_epoch_160,0.93,160,0.10000000149011612,2.302583694458008,0.9246000051498413,19.26953887939453,0.10000000149011612,2.302499532699585,0.9070000052452087,0.3777996003627777,0.10000000149011612,3.7915778160095215,,
475aca22,main.py,2022-07-02 00:50:22,0:49:44,completed,resnet20_cifar10,none,/home/yliu/torch_subspace/data/,cifar10,cuda,resnet20,160,160,magnitude,/home/yliu/torch_subspace/checkpoint/resnet20_cifar10_epoch_160,0.96,160,0.10000000149011612,2.3025856018066406,0.9639999866485596,20.71770477294922,0.10000000149011612,2.3025472164154053,0.9070000052452087,0.3777996003627777,0.10000000149011612,3.8656389713287354,,
8775fcec,main.py,2022-07-02 00:50:19,0:49:44,completed,resnet20_cifar10,none,/home/yliu/torch_subspace/data/,cifar10,cuda,resnet20,160,160,magnitude,/home/yliu/torch_subspace/checkpoint/resnet20_cifar10_epoch_160,0.98,160,0.10000000149011612,2.302579879760742,0.9930999875068665,19.471338272094727,0.10000000149011612,2.302523136138916,0.9070000052452087,0.3777996003627777,0.10000000149011612,3.654650926589966,,
657f4b41,main.py,2022-07-02 00:50:06,0:49:33,completed,resnet20_cifar10,none,/home/yliu/torch_subspace/data/,cifar10,cuda,resnet20,160,160,magnitude,/home/yliu/torch_subspace/checkpoint/resnet20_cifar10_epoch_160,0.99,160,0.10000000149011612,2.302583694458008,0.9977999925613403,19.25835609436035,0.10000000149011612,2.3024630546569824,0.9070000052452087,0.3777996003627777,0.10000000149011612,3.618945598602295,,
5f07e7e4,main.py,2022-07-02 00:49:56,0:48:44,completed,resnet20_cifar10,none,/home/yliu/torch_subspace/data/,cifar10,cuda,resnet20,160,160,relative_error,/home/yliu/torch_subspace/checkpoint/resnet20_cifar10_epoch_160,0.89,160,0.7882999777793884,0.6414228677749634,0.8902999758720398,19.2496280670166,0.7893999814987183,0.637506365776062,0.9070000052452087,0.3777996003627777,0.10000000149011612,3.1616628170013428,,
c279c267,main.py,2022-07-02 00:49:41,0:48:47,completed,resnet20_cifar10,none,/home/yliu/torch_subspace/data/,cifar10,cuda,resnet20,160,160,relative_error,/home/yliu/torch_subspace/checkpoint/resnet20_cifar10_epoch_160,0.93,160,0.6814000010490417,0.9015477895736694,0.9315999746322632,18.602354049682617,0.6859999895095825,0.8944411873817444,0.9070000052452087,0.3777996003627777,0.10000000149011612,3.097604513168335,,
76d48567,main.py,2022-07-02 00:49:27,0:48:56,completed,resnet20_cifar10,none,/home/yliu/torch_subspace/data/,cifar10,cuda,resnet20,160,160,relative_error,/home/yliu/torch_subspace/checkpoint/resnet20_cifar10_epoch_160,0.96,160,0.37880000472068787,1.5559957027435303,0.9652000069618225,17.496931076049805,0.3849000036716461,1.5352591276168823,0.9070000052452087,0.3777996003627777,0.10000000149011612,2.3028721809387207,,
cea2f406,main.py,2022-07-02 00:19:40,0:49:53,completed,resnet20_cifar10,none,/home/yliu/torch_subspace/data/,cifar10,cuda,resnet20,160,160,relative_error,/home/yliu/torch_subspace/checkpoint/resnet20_cifar10_epoch_160,0.98,160,0.30090001225471497,1.7112458944320679,0.9757999777793884,16.95583152770996,0.3084999918937683,1.6942932605743408,0.9070000052452087,0.3777996003627777,0.10000000149011612,2.308922052383423,,
3490f773,main.py,2022-07-02 00:19:38,0:50:03,completed,resnet20_cifar10,none,/home/yliu/torch_subspace/data/,cifar10,cuda,resnet20,160,160,relative_error,/home/yliu/torch_subspace/checkpoint/resnet20_cifar10_epoch_160,0.99,160,0.2985000014305115,1.708537220954895,0.9757999777793884,17.02071189880371,0.32109999656677246,1.6805510520935059,0.9070000052452087,0.3777996003627777,0.10000000149011612,2.308922052383423,,
e51ab110,main.py,2022-07-02 00:19:10,0:49:03,completed,resnet20_cifar10,none,/home/yliu/torch_subspace/data/,cifar10,cuda,resnet20,160,160,relative_layer_error,/home/yliu/torch_subspace/checkpoint/resnet20_cifar10_epoch_160,0.89,160,0.796500027179718,0.6189663410186768,0.8902999758720398,18.0367488861084,0.7972999811172485,0.6121950149536133,0.9070000052452087,0.3777996003627777,0.10000000149011612,3.1616628170013428,,
3f2d7d11,main.py,2022-07-02 00:17:58,0:48:11,completed,resnet20_cifar10,none,/home/yliu/torch_subspace/data/,cifar10,cuda,resnet20,160,160,relative_layer_error,/home/yliu/torch_subspace/checkpoint/resnet20_cifar10_epoch_160,0.93,160,0.6826000213623047,0.9003198146820068,0.9315999746322632,18.289798736572266,0.6844000220298767,0.8964026570320129,0.9070000052452087,0.3777996003627777,0.10000000149011612,3.097604513168335,,
953687c4,main.py,2022-07-02 00:01:09,0:49:10,completed,resnet20_cifar10,none,/home/yliu/torch_subspace/data/,cifar10,cuda,resnet20,160,160,relative_layer_error,/home/yliu/torch_subspace/checkpoint/resnet20_cifar10_epoch_160,0.96,160,0.38089999556541443,1.547196388244629,0.9652000069618225,17.057100296020508,0.39980000257492065,1.531699299812317,0.9070000052452087,0.3777996003627777,0.10000000149011612,2.3028721809387207,,
4d74e618,main.py,2022-07-02 00:00:52,0:48:34,completed,resnet20_cifar10,none,/home/yliu/torch_subspace/data/,cifar10,cuda,resnet20,160,160,relative_layer_error,/home/yliu/torch_subspace/checkpoint/resnet20_cifar10_epoch_160,0.98,160,0.3465999960899353,1.6595458984375,0.9757999777793884,16.46442413330078,0.3555000126361847,1.6514091491699219,0.9070000052452087,0.3777996003627777,0.10000000149011612,2.308922052383423,,
86c991ef,main.py,2022-07-02 00:00:49,0:49:33,completed,resnet20_cifar10,none,/home/yliu/torch_subspace/data/,cifar10,cuda,resnet20,160,160,relative_layer_error,/home/yliu/torch_subspace/checkpoint/resnet20_cifar10_epoch_160,0.99,160,0.35199999809265137,1.635918140411377,0.9757999777793884,17.069738388061523,0.35269999504089355,1.6328575611114502,0.9070000052452087,0.3777996003627777,0.10000000149011612,2.308922052383423,,
2e12f22a,main.py,2022-07-02 00:00:34,0:49:06,completed,resnet20_cifar10,none,/home/yliu/torch_subspace/data/,cifar10,cuda,resnet20,160,160,alignment_output,/home/yliu/torch_subspace/checkpoint/resnet20_cifar10_epoch_160,0.89,160,0.10000000149011612,2.302581787109375,0.9117000102996826,20.585006713867188,0.10000000149011612,2.302513599395752,0.9070000052452087,0.3777996003627777,0.10000000149011612,3.508500814437866,,
0154e2b3,main.py,2022-07-02 00:00:26,0:49:56,completed,resnet20_cifar10,none,/home/yliu/torch_subspace/data/,cifar10,cuda,resnet20,160,160,alignment_output,/home/yliu/torch_subspace/checkpoint/resnet20_cifar10_epoch_160,0.93,160,0.10000000149011612,2.302584171295166,0.9496999979019165,19.541433334350586,0.10000000149011612,2.3025166988372803,0.9070000052452087,0.3777996003627777,0.10000000149011612,3.2257213592529297,,
b76a68f6,main.py,2022-07-02 00:00:18,0:49:48,completed,resnet20_cifar10,none,/home/yliu/torch_subspace/data/,cifar10,cuda,resnet20,160,160,alignment_output,/home/yliu/torch_subspace/checkpoint/resnet20_cifar10_epoch_160,0.96,160,0.10000000149011612,2.3025808334350586,0.9722999930381775,16.862791061401367,0.10000000149011612,2.302523374557495,0.9070000052452087,0.3777996003627777,0.10000000149011612,2.603581428527832,,
617312d4,main.py,2022-07-02 00:00:17,0:50:09,completed,resnet20_cifar10,none,/home/yliu/torch_subspace/data/,cifar10,cuda,resnet20,160,160,alignment_output,/home/yliu/torch_subspace/checkpoint/resnet20_cifar10_epoch_160,0.98,160,0.10000000149011612,2.3025834560394287,0.9857000112533569,16.996780395507812,0.10000000149011612,2.3025364875793457,0.9070000052452087,0.3777996003627777,0.10000000149011612,2.303422451019287,,
50884614,main.py,2022-07-02 00:00:17,0:49:38,completed,resnet20_cifar10,none,/home/yliu/torch_subspace/data/,cifar10,cuda,resnet20,160,160,alignment_output,/home/yliu/torch_subspace/checkpoint/resnet20_cifar10_epoch_160,0.99,160,0.10000000149011612,2.302586793899536,0.9904000163078308,17.31064796447754,0.10000000149011612,2.3025195598602295,0.9070000052452087,0.3777996003627777,0.10000000149011612,2.3028271198272705,,
8aa1cc9c,main.py,2022-07-01 23:59:54,0:00:22,error,resnet20_cifar10,alds,/home/yliu/torch_subspace/data/,cifar10,cuda,resnet20,160,160,alignment_variance,/home/yliu/torch_subspace/checkpoint/resnet20_cifar10_epoch_160,0.89,,,,,,,,,,,,,
82d8178f,main.py,2022-07-01 23:59:53,0:00:23,error,resnet20_cifar10,alds,/home/yliu/torch_subspace/data/,cifar10,cuda,resnet20,160,160,alignment_variance,/home/yliu/torch_subspace/checkpoint/resnet20_cifar10_epoch_160,0.93,,,,,,,,,,,,,
128f78b8,main.py,2022-07-01 23:59:30,0:00:23,error,resnet20_cifar10,alds,/home/yliu/torch_subspace/data/,cifar10,cuda,resnet20,160,160,alignment_variance,/home/yliu/torch_subspace/checkpoint/resnet20_cifar10_epoch_160,0.96,,,,,,,,,,,,,
cff0ddb5,main.py,2022-07-01 23:59:29,0:00:23,error,resnet20_cifar10,alds,/home/yliu/torch_subspace/data/,cifar10,cuda,resnet20,160,160,alignment_variance,/home/yliu/torch_subspace/checkpoint/resnet20_cifar10_epoch_160,0.98,,,,,,,,,,,,,
a9aba7b4,main.py,2022-07-01 23:59:07,0:00:22,error,resnet20_cifar10,alds,/home/yliu/torch_subspace/data/,cifar10,cuda,resnet20,160,160,alignment_variance,/home/yliu/torch_subspace/checkpoint/resnet20_cifar10_epoch_160,0.99,,,,,,,,,,,,,
af0ca41e,main.py,2022-07-01 23:58:46,0:53:11,completed,resnet20_cifar10,alds,/home/yliu/torch_subspace/data/,cifar10,cuda,resnet20,160,160,magnitude,/home/yliu/torch_subspace/checkpoint/resnet20_cifar10_epoch_160,0.89,160,0.8705000281333923,0.42641299962997437,0.8501999974250793,19.089618682861328,0.8712000250816345,0.4100509285926819,0.9070000052452087,0.3777996003627777,0.10000000149011612,3.3178324699401855,,
ed19aa46,main.py,2022-07-01 23:58:35,0:57:17,completed,resnet20_cifar10,alds,/home/yliu/torch_subspace/data/,cifar10,cuda,resnet20,160,160,magnitude,/home/yliu/torch_subspace/checkpoint/resnet20_cifar10_epoch_160,0.93,160,0.847100019454956,0.4739535450935364,0.9101999998092651,19.698970794677734,0.8515999913215637,0.4637826383113861,0.9070000052452087,0.3777996003627777,0.10000000149011612,3.5056495666503906,,
c2754d9a,main.py,2022-07-01 23:58:33,0:53:18,completed,resnet20_cifar10,alds,/home/yliu/torch_subspace/data/,cifar10,cuda,resnet20,160,160,magnitude,/home/yliu/torch_subspace/checkpoint/resnet20_cifar10_epoch_160,0.96,160,0.7684999704360962,0.6680404543876648,0.9553999900817871,19.49921226501465,0.7706000208854675,0.6645854115486145,0.9070000052452087,0.3777996003627777,0.10000000149011612,3.7122652530670166,,
f702515a,main.py,2022-07-01 23:58:02,0:57:25,completed,resnet20_cifar10,alds,/home/yliu/torch_subspace/data/,cifar10,cuda,resnet20,160,160,magnitude,/home/yliu/torch_subspace/checkpoint/resnet20_cifar10_epoch_160,0.98,160,0.10000000149011612,2.3025825023651123,0.9854999780654907,19.67975425720215,0.10000000149011612,2.3025336265563965,0.9070000052452087,0.3777996003627777,0.10000000149011612,3.658135175704956,,
02b94cc6,main.py,2022-07-01 23:22:09,0:57:00,completed,resnet20_cifar10,alds,/home/yliu/torch_subspace/data/,cifar10,cuda,resnet20,160,160,magnitude,/home/yliu/torch_subspace/checkpoint/resnet20_cifar10_epoch_160,0.99,160,0.10000000149011612,2.302584409713745,0.9965999722480774,18.52191925048828,0.10000000149011612,2.302487373352051,0.9070000052452087,0.3777996003627777,0.10000000149011612,3.2824769020080566,,
902efa78,main.py,2022-07-01 23:21:29,0:58:09,completed,resnet20_cifar10,alds,/home/yliu/torch_subspace/data/,cifar10,cuda,resnet20,160,160,relative_error,/home/yliu/torch_subspace/checkpoint/resnet20_cifar10_epoch_160,0.89,160,0.8736000061035156,0.4396597445011139,0.8565000295639038,18.57156753540039,0.8759999871253967,0.4074179530143738,0.9070000052452087,0.3777996003627777,0.10000000149011612,3.861706256866455,,
5cb2031f,main.py,2022-07-01 23:21:28,0:58:08,completed,resnet20_cifar10,alds,/home/yliu/torch_subspace/data/,cifar10,cuda,resnet20,160,160,relative_error,/home/yliu/torch_subspace/checkpoint/resnet20_cifar10_epoch_160,0.93,160,0.8515999913215637,0.4578891396522522,0.9139000177383423,17.608074188232422,0.8549000024795532,0.4484955668449402,0.9070000052452087,0.3777996003627777,0.10000000149011612,3.29868745803833,,
435d0c5e,main.py,2022-07-01 23:20:57,0:57:01,completed,resnet20_cifar10,alds,/home/yliu/torch_subspace/data/,cifar10,cuda,resnet20,160,160,relative_error,/home/yliu/torch_subspace/checkpoint/resnet20_cifar10_epoch_160,0.96,160,0.8026999831199646,0.5934941172599792,0.954800009727478,17.532516479492188,0.8050000071525574,0.5846230387687683,0.9070000052452087,0.3777996003627777,0.10000000149011612,2.848393440246582,,
bd7bebee,main.py,2022-07-01 23:04:04,0:57:04,completed,resnet20_cifar10,alds,/home/yliu/torch_subspace/data/,cifar10,cuda,resnet20,160,160,relative_error,/home/yliu/torch_subspace/checkpoint/resnet20_cifar10_epoch_160,0.98,160,0.7409999966621399,0.7485991716384888,0.9671000242233276,17.17343521118164,0.741100013256073,0.7441743612289429,0.9070000052452087,0.3777996003627777,0.10000000149011612,2.499924659729004,,
b7d96c10,main.py,2022-07-01 23:03:43,0:57:07,completed,resnet20_cifar10,alds,/home/yliu/torch_subspace/data/,cifar10,cuda,resnet20,160,160,relative_error,/home/yliu/torch_subspace/checkpoint/resnet20_cifar10_epoch_160,0.99,160,0.7529000043869019,0.7138827443122864,0.9671000242233276,16.977907180786133,0.7542999982833862,0.7106891870498657,0.9070000052452087,0.3777996003627777,0.10000000149011612,2.499924659729004,,
48052218,main.py,2022-07-01 23:03:34,0:56:59,completed,resnet20_cifar10,alds,/home/yliu/torch_subspace/data/,cifar10,cuda,resnet20,160,160,relative_layer_error,/home/yliu/torch_subspace/checkpoint/resnet20_cifar10_epoch_160,0.89,160,0.8671000003814697,0.44714340567588806,0.8596000075340271,19.48447608947754,0.8694999814033508,0.4201907217502594,0.9070000052452087,0.3777996003627777,0.09969999641180038,3.785386800765991,,
4d7a4ae2,main.py,2022-07-01 23:03:33,0:57:15,completed,resnet20_cifar10,alds,/home/yliu/torch_subspace/data/,cifar10,cuda,resnet20,160,160,relative_layer_error,/home/yliu/torch_subspace/checkpoint/resnet20_cifar10_epoch_160,0.93,160,0.8418999910354614,0.49155163764953613,0.9168000221252441,18.866918563842773,0.8457000255584717,0.4777841866016388,0.9070000052452087,0.3777996003627777,0.10000000149011612,3.3959951400756836,,
57e0a083,main.py,2022-07-01 23:02:15,0:58:10,completed,resnet20_cifar10,alds,/home/yliu/torch_subspace/data/,cifar10,cuda,resnet20,160,160,relative_layer_error,/home/yliu/torch_subspace/checkpoint/resnet20_cifar10_epoch_160,0.96,160,0.7825999855995178,0.6439034342765808,0.9567000269889832,18.167329788208008,0.7849000096321106,0.6339817047119141,0.9070000052452087,0.3777996003627777,0.10000000149011612,3.6160454750061035,,
301df550,main.py,2022-07-01 23:01:42,0:58:35,completed,resnet20_cifar10,alds,/home/yliu/torch_subspace/data/,cifar10,cuda,resnet20,160,160,relative_layer_error,/home/yliu/torch_subspace/checkpoint/resnet20_cifar10_epoch_160,0.98,160,0.4740000069141388,1.4171115159988403,0.9814000129699707,17.908002853393555,0.47920000553131104,1.4070384502410889,0.9070000052452087,0.3777996003627777,0.10000000149011612,2.7990224361419678,,
10109115,main.py,2022-07-01 23:01:32,0:57:02,completed,resnet20_cifar10,alds,/home/yliu/torch_subspace/data/,cifar10,cuda,resnet20,160,160,relative_layer_error,/home/yliu/torch_subspace/checkpoint/resnet20_cifar10_epoch_160,0.99,160,0.2150000035762787,1.9576191902160645,0.9912999868392944,16.02240562438965,0.21699999272823334,1.9527552127838135,0.9070000052452087,0.3777996003627777,0.10000000149011612,2.404082775115967,,
06278f17,main.py,2022-07-01 23:01:21,0:57:24,completed,resnet20_cifar10,alds,/home/yliu/torch_subspace/data/,cifar10,cuda,resnet20,160,160,alignment_output,/home/yliu/torch_subspace/checkpoint/resnet20_cifar10_epoch_160,0.89,160,0.8691999912261963,0.42030367255210876,0.8712999820709229,20.62271499633789,0.8707000017166138,0.41111519932746887,0.9070000052452087,0.3777996003627777,0.10000000149011612,3.826007843017578,,
59447cce,main.py,2022-07-01 23:00:51,0:58:38,completed,resnet20_cifar10,alds,/home/yliu/torch_subspace/data/,cifar10,cuda,resnet20,160,160,alignment_output,/home/yliu/torch_subspace/checkpoint/resnet20_cifar10_epoch_160,0.93,160,0.8226000070571899,0.5409618020057678,0.9264000058174133,19.885814666748047,0.8241999745368958,0.5271980166435242,0.9070000052452087,0.3777996003627777,0.10000000149011612,3.4492805004119873,,
50589654,main.py,2022-07-01 23:00:35,0:57:57,completed,resnet20_cifar10,alds,/home/yliu/torch_subspace/data/,cifar10,cuda,resnet20,160,160,alignment_output,/home/yliu/torch_subspace/checkpoint/resnet20_cifar10_epoch_160,0.96,160,0.10000000149011612,2.302584648132324,0.9613999724388123,18.313684463500977,0.10000000149011612,2.302529811859131,0.9070000052452087,0.3777996003627777,0.10000000149011612,3.1067986488342285,,
09141643,main.py,2022-07-01 23:00:32,0:57:29,completed,resnet20_cifar10,alds,/home/yliu/torch_subspace/data/,cifar10,cuda,resnet20,160,160,alignment_output,/home/yliu/torch_subspace/checkpoint/resnet20_cifar10_epoch_160,0.98,160,0.10000000149011612,2.3025856018066406,0.9811000227928162,17.108644485473633,0.10000000149011612,2.302536964416504,0.9070000052452087,0.3777996003627777,0.10000000149011612,2.7337164878845215,,
154d7a38,main.py,2022-07-01 23:00:26,0:58:40,completed,resnet20_cifar10,alds,/home/yliu/torch_subspace/data/,cifar10,cuda,resnet20,160,160,alignment_output,/home/yliu/torch_subspace/checkpoint/resnet20_cifar10_epoch_160,0.99,160,0.10000000149011612,2.3025829792022705,0.9904999732971191,17.445465087890625,0.10000000149011612,2.3025519847869873,0.9070000052452087,0.3777996003627777,0.10000000149011612,2.375856876373291,,
3f1518e7,main.py,2022-07-01 23:00:26,0:00:24,error,resnet20_cifar10,square,/home/yliu/torch_subspace/data/,cifar10,cuda,resnet20,160,160,alignment_variance,/home/yliu/torch_subspace/checkpoint/resnet20_cifar10_epoch_160,0.89,,,,,,,,,,,,,
c63020a6,main.py,2022-07-01 23:00:11,0:00:23,error,resnet20_cifar10,square,/home/yliu/torch_subspace/data/,cifar10,cuda,resnet20,160,160,alignment_variance,/home/yliu/torch_subspace/checkpoint/resnet20_cifar10_epoch_160,0.93,,,,,,,,,,,,,
77cff251,main.py,2022-07-01 23:00:08,0:00:23,error,resnet20_cifar10,square,/home/yliu/torch_subspace/data/,cifar10,cuda,resnet20,160,160,alignment_variance,/home/yliu/torch_subspace/checkpoint/resnet20_cifar10_epoch_160,0.96,,,,,,,,,,,,,
e444bd87,main.py,2022-07-01 23:00:02,0:00:23,error,resnet20_cifar10,square,/home/yliu/torch_subspace/data/,cifar10,cuda,resnet20,160,160,alignment_variance,/home/yliu/torch_subspace/checkpoint/resnet20_cifar10_epoch_160,0.98,,,,,,,,,,,,,
7b1c4014,main.py,2022-07-01 23:00:01,0:00:24,error,resnet20_cifar10,square,/home/yliu/torch_subspace/data/,cifar10,cuda,resnet20,160,160,alignment_variance,/home/yliu/torch_subspace/checkpoint/resnet20_cifar10_epoch_160,0.99,,,,,,,,,,,,,
4a462d91,main.py,2022-07-01 22:19:22,1:02:46,completed,resnet20_cifar10,square,/home/yliu/torch_subspace/data/,cifar10,cuda,resnet20,160,160,magnitude,/home/yliu/torch_subspace/checkpoint/resnet20_cifar10_epoch_160,0.89,160,0.8899999856948853,0.4016980528831482,0.7901999950408936,18.988330841064453,0.8934999704360962,0.3510724604129791,0.9070000052452087,0.3777996003627777,0.11020000278949738,3.2028684616088867,,
2225b138,main.py,2022-07-01 22:19:08,1:01:47,completed,resnet20_cifar10,square,/home/yliu/torch_subspace/data/,cifar10,cuda,resnet20,160,160,magnitude,/home/yliu/torch_subspace/checkpoint/resnet20_cifar10_epoch_160,0.93,160,0.8705999851226807,0.41649264097213745,0.8676999807357788,18.89824867248535,0.8744999766349792,0.4021592438220978,0.9070000052452087,0.3777996003627777,0.10010000318288803,3.5155868530273438,,
482a7f14,main.py,2022-07-01 22:18:50,1:02:37,completed,resnet20_cifar10,square,/home/yliu/torch_subspace/data/,cifar10,cuda,resnet20,160,160,magnitude,/home/yliu/torch_subspace/checkpoint/resnet20_cifar10_epoch_160,0.96,160,0.8446000218391418,0.48411592841148376,0.9283999800682068,20.311426162719727,0.8446999788284302,0.48049768805503845,0.9070000052452087,0.3777996003627777,0.10000000149011612,3.6730782985687256,,
05d4620a,main.py,2022-07-01 22:18:48,1:02:41,completed,resnet20_cifar10,square,/home/yliu/torch_subspace/data/,cifar10,cuda,resnet20,160,160,magnitude,/home/yliu/torch_subspace/checkpoint/resnet20_cifar10_epoch_160,0.98,160,0.6937000155448914,0.8712112307548523,0.968999981880188,20.1351375579834,0.6952999830245972,0.8601406812667847,0.9070000052452087,0.3777996003627777,0.10000000149011612,3.6977663040161133,,
b0d88c7a,main.py,2022-07-01 22:01:42,1:02:21,completed,resnet20_cifar10,square,/home/yliu/torch_subspace/data/,cifar10,cuda,resnet20,160,160,magnitude,/home/yliu/torch_subspace/checkpoint/resnet20_cifar10_epoch_160,0.99,160,0.10000000149011612,2.3025832176208496,0.9886999726295471,18.981332778930664,0.10000000149011612,2.3025424480438232,0.9070000052452087,0.3777996003627777,0.10000000149011612,3.685905933380127,,
4af88a81,main.py,2022-07-01 22:01:13,1:02:30,completed,resnet20_cifar10,square,/home/yliu/torch_subspace/data/,cifar10,cuda,resnet20,160,160,relative_error,/home/yliu/torch_subspace/checkpoint/resnet20_cifar10_epoch_160,0.89,160,0.8916000127792358,0.41482841968536377,0.802299976348877,17.67677879333496,0.8931999802589417,0.36311766505241394,0.9070000052452087,0.3777996003627777,0.12349999696016312,2.7806360721588135,,
39264be7,main.py,2022-07-01 22:00:57,1:02:36,completed,resnet20_cifar10,square,/home/yliu/torch_subspace/data/,cifar10,cuda,resnet20,160,160,relative_error,/home/yliu/torch_subspace/checkpoint/resnet20_cifar10_epoch_160,0.93,160,0.8751000165939331,0.43295344710350037,0.8788999915122986,17.440641403198242,0.878000020980835,0.4045141339302063,0.9070000052452087,0.3777996003627777,0.10019999742507935,2.7238330841064453,,
f484c240,main.py,2022-07-01 22:00:55,1:02:36,completed,resnet20_cifar10,square,/home/yliu/torch_subspace/data/,cifar10,cuda,resnet20,160,160,relative_error,/home/yliu/torch_subspace/checkpoint/resnet20_cifar10_epoch_160,0.96,160,0.833899974822998,0.4991217851638794,0.9345999956130981,17.341999053955078,0.8385000228881836,0.49460726976394653,0.9070000052452087,0.3777996003627777,0.10000000149011612,2.5565872192382812,,
1acefc3d,main.py,2022-07-01 21:59:47,1:02:28,completed,resnet20_cifar10,square,/home/yliu/torch_subspace/data/,cifar10,cuda,resnet20,160,160,relative_error,/home/yliu/torch_subspace/checkpoint/resnet20_cifar10_epoch_160,0.98,160,0.7828999757766724,0.6422415375709534,0.9574000239372253,17.568130493164062,0.7879999876022339,0.6343596577644348,0.9070000052452087,0.3777996003627777,0.10000000149011612,2.509417772293091,,
3da343e0,main.py,2022-07-01 21:59:35,1:02:06,completed,resnet20_cifar10,square,/home/yliu/torch_subspace/data/,cifar10,cuda,resnet20,160,160,relative_error,/home/yliu/torch_subspace/checkpoint/resnet20_cifar10_epoch_160,0.99,160,0.789900004863739,0.6209751963615417,0.9574000239372253,16.4304256439209,0.7943999767303467,0.6209751963615417,0.9070000052452087,0.3777996003627777,0.10000000149011612,2.509417772293091,,
a5b58988,main.py,2022-07-01 21:59:16,1:02:04,completed,resnet20_cifar10,square,/home/yliu/torch_subspace/data/,cifar10,cuda,resnet20,160,160,relative_layer_error,/home/yliu/torch_subspace/checkpoint/resnet20_cifar10_epoch_160,0.89,160,0.8906999826431274,0.4158395528793335,0.7976999878883362,17.69452667236328,0.890999972820282,0.36190029978752136,0.9070000052452087,0.3777996003627777,0.10000000149011612,3.2514023780822754,,
d0f3dd0b,main.py,2022-07-01 21:59:02,1:02:29,completed,resnet20_cifar10,square,/home/yliu/torch_subspace/data/,cifar10,cuda,resnet20,160,160,relative_layer_error,/home/yliu/torch_subspace/checkpoint/resnet20_cifar10_epoch_160,0.93,160,0.8682000041007996,0.4326173663139343,0.8741000294685364,19.739994049072266,0.8723999857902527,0.41659337282180786,0.9070000052452087,0.3777996003627777,0.10000000149011612,4.316586971282959,,
f1efd6c8,main.py,2022-07-01 21:57:46,1:02:15,completed,resnet20_cifar10,square,/home/yliu/torch_subspace/data/,cifar10,cuda,resnet20,160,160,relative_layer_error,/home/yliu/torch_subspace/checkpoint/resnet20_cifar10_epoch_160,0.96,160,0.8379999995231628,0.4906374514102936,0.9300000071525574,21.329769134521484,0.8393999934196472,0.48897045850753784,0.9070000052452087,0.3777996003627777,0.10000000149011612,5.4703216552734375,,
b1f0a061,main.py,2022-07-01 21:57:36,1:02:34,completed,resnet20_cifar10,square,/home/yliu/torch_subspace/data/,cifar10,cuda,resnet20,160,160,relative_layer_error,/home/yliu/torch_subspace/checkpoint/resnet20_cifar10_epoch_160,0.98,160,0.7166000008583069,0.8038108944892883,0.9666000008583069,17.817398071289062,0.7239999771118164,0.7989217042922974,0.9070000052452087,0.3777996003627777,0.10000000149011612,2.4909579753875732,,
367885ac,main.py,2022-07-01 21:57:12,1:02:55,completed,resnet20_cifar10,square,/home/yliu/torch_subspace/data/,cifar10,cuda,resnet20,160,160,relative_layer_error,/home/yliu/torch_subspace/checkpoint/resnet20_cifar10_epoch_160,0.99,160,0.35850000381469727,1.6447973251342773,0.982699990272522,18.031375885009766,0.3619999885559082,1.6432769298553467,0.9070000052452087,0.3777996003627777,0.10000000149011612,2.452972412109375,,
b1adf070,main.py,2022-07-01 21:57:04,1:02:57,completed,resnet20_cifar10,square,/home/yliu/torch_subspace/data/,cifar10,cuda,resnet20,160,160,alignment_output,/home/yliu/torch_subspace/checkpoint/resnet20_cifar10_epoch_160,0.89,160,0.8895999789237976,0.40006303787231445,0.8148999810218811,18.827392578125,0.8898000121116638,0.36302945017814636,0.9070000052452087,0.3777996003627777,0.10000000149011612,3.7479777336120605,,
6973a085,main.py,2022-07-01 21:15:30,1:03:19,completed,resnet20_cifar10,square,/home/yliu/torch_subspace/data/,cifar10,cuda,resnet20,160,160,alignment_output,/home/yliu/torch_subspace/checkpoint/resnet20_cifar10_epoch_160,0.93,160,0.868399977684021,0.4241299331188202,0.8876000046730042,17.32124137878418,0.868399977684021,0.41734305024147034,0.9070000052452087,0.3777996003627777,0.09929999709129333,2.7178781032562256,,
4355a6b9,main.py,2022-07-01 21:15:26,1:03:56,completed,resnet20_cifar10,square,/home/yliu/torch_subspace/data/,cifar10,cuda,resnet20,160,160,alignment_output,/home/yliu/torch_subspace/checkpoint/resnet20_cifar10_epoch_160,0.96,160,0.8162999749183655,0.5405999422073364,0.9394000172615051,18.202850341796875,0.8210999965667725,0.5366367101669312,0.9070000052452087,0.3777996003627777,0.10000000149011612,3.305206060409546,,
9b57a1e2,main.py,2022-07-01 21:15:18,1:03:49,completed,resnet20_cifar10,square,/home/yliu/torch_subspace/data/,cifar10,cuda,resnet20,160,160,alignment_output,/home/yliu/torch_subspace/checkpoint/resnet20_cifar10_epoch_160,0.98,160,0.6491000056266785,0.97477126121521,0.968999981880188,17.527740478515625,0.6574000120162964,0.9524304866790771,0.9070000052452087,0.3777996003627777,0.10000000149011612,3.2516634464263916,,
697c5ff7,main.py,2022-07-01 21:15:09,1:03:37,completed,resnet20_cifar10,square,/home/yliu/torch_subspace/data/,cifar10,cuda,resnet20,160,160,alignment_output,/home/yliu/torch_subspace/checkpoint/resnet20_cifar10_epoch_160,0.99,160,0.10000000149011612,2.3025879859924316,0.9848999977111816,17.27300453186035,0.10000000149011612,2.302534341812134,0.9070000052452087,0.3777996003627777,0.10000000149011612,2.4264445304870605,,
be373469,main.py,2022-07-01 21:15:08,0:00:21,error,resnet20_cifar100,none,/home/yliu/torch_subspace/data/,cifar100,cuda,resnet20,160,160,alignment_variance,/home/yliu/torch_subspace/checkpoint/resnet20_cifar100_epoch_160,0.89,,,,,,,,,,,,,
945a8f90,main.py,2022-07-01 21:14:47,0:00:21,error,resnet20_cifar100,none,/home/yliu/torch_subspace/data/,cifar100,cuda,resnet20,160,160,alignment_variance,/home/yliu/torch_subspace/checkpoint/resnet20_cifar100_epoch_160,0.93,,,,,,,,,,,,,
cfd01034,main.py,2022-07-01 21:14:46,0:00:21,error,resnet20_cifar100,none,/home/yliu/torch_subspace/data/,cifar100,cuda,resnet20,160,160,alignment_variance,/home/yliu/torch_subspace/checkpoint/resnet20_cifar100_epoch_160,0.96,,,,,,,,,,,,,
5cb19b75,main.py,2022-07-01 21:14:23,0:00:21,error,resnet20_cifar100,none,/home/yliu/torch_subspace/data/,cifar100,cuda,resnet20,160,160,alignment_variance,/home/yliu/torch_subspace/checkpoint/resnet20_cifar100_epoch_160,0.98,,,,,,,,,,,,,
6d808400,main.py,2022-07-01 21:14:01,0:00:21,error,resnet20_cifar100,none,/home/yliu/torch_subspace/data/,cifar100,cuda,resnet20,160,160,alignment_variance,/home/yliu/torch_subspace/checkpoint/resnet20_cifar100_epoch_160,0.99,,,,,,,,,,,,,
650c5ebe,main.py,2022-07-01 21:12:02,0:48:54,completed,resnet20_cifar100,none,/home/yliu/torch_subspace/data/,cifar100,cuda,resnet20,160,160,magnitude,/home/yliu/torch_subspace/checkpoint/resnet20_cifar100_epoch_160,0.89,160,0.009999999776482582,4.605167865753174,0.8967000246047974,15.755358695983887,0.009999999776482582,4.605056285858154,0.6510000228881836,1.3866510391235352,0.009999999776482582,5.771318435668945,,
34bd0ef5,main.py,2022-07-01 21:11:53,0:49:19,completed,resnet20_cifar100,none,/home/yliu/torch_subspace/data/,cifar100,cuda,resnet20,160,160,magnitude,/home/yliu/torch_subspace/checkpoint/resnet20_cifar100_epoch_160,0.93,160,0.009999999776482582,4.605169773101807,0.9544000029563904,16.50888442993164,0.009999999776482582,4.605103492736816,0.6510000228881836,1.3866510391235352,0.009999999776482582,5.882636547088623,,
4f2893d4,main.py,2022-07-01 21:11:50,0:49:51,completed,resnet20_cifar100,none,/home/yliu/torch_subspace/data/,cifar100,cuda,resnet20,160,160,magnitude,/home/yliu/torch_subspace/checkpoint/resnet20_cifar100_epoch_160,0.96,160,0.009999999776482582,4.605168342590332,0.9810000061988831,17.17265510559082,0.009999999776482582,4.605137348175049,0.6510000228881836,1.3866510391235352,0.009999999776482582,5.681947231292725,,
bdf6ae13,main.py,2022-07-01 21:11:39,0:49:15,completed,resnet20_cifar100,none,/home/yliu/torch_subspace/data/,cifar100,cuda,resnet20,160,160,magnitude,/home/yliu/torch_subspace/checkpoint/resnet20_cifar100_epoch_160,0.98,160,0.009999999776482582,4.605171203613281,0.9904999732971191,15.903200149536133,0.009999999776482582,4.605122089385986,0.6510000228881836,1.3866510391235352,0.009999999776482582,5.362821578979492,,
8c9e533b,main.py,2022-07-01 21:11:27,0:47:34,completed,resnet20_cifar100,none,/home/yliu/torch_subspace/data/,cifar100,cuda,resnet20,160,160,magnitude,/home/yliu/torch_subspace/checkpoint/resnet20_cifar100_epoch_160,0.99,160,0.009999999776482582,4.605172634124756,0.9952999949455261,16.545940399169922,0.009999999776482582,4.605079174041748,0.6510000228881836,1.3866510391235352,0.009999999776482582,5.2762579917907715,,
104b3677,main.py,2022-07-01 21:10:54,0:48:51,completed,resnet20_cifar100,none,/home/yliu/torch_subspace/data/,cifar100,cuda,resnet20,160,160,relative_error,/home/yliu/torch_subspace/checkpoint/resnet20_cifar100_epoch_160,0.89,160,0.21529999375343323,3.03255033493042,0.8866000175476074,14.748607635498047,0.21580000221729279,3.029163360595703,0.6510000228881836,1.3866510391235352,0.009999999776482582,4.945448398590088,,
01a31773,main.py,2022-07-01 21:10:37,0:48:57,completed,resnet20_cifar100,none,/home/yliu/torch_subspace/data/,cifar100,cuda,resnet20,160,160,relative_error,/home/yliu/torch_subspace/checkpoint/resnet20_cifar100_epoch_160,0.93,160,0.10689999908208847,3.5627081394195557,0.932699978351593,14.168749809265137,0.11010000109672546,3.555061101913452,0.6510000228881836,1.3866510391235352,0.009999999776482582,4.729222774505615,,
dbdcc39e,main.py,2022-07-01 21:09:23,0:49:52,completed,resnet20_cifar100,none,/home/yliu/torch_subspace/data/,cifar100,cuda,resnet20,160,160,relative_error,/home/yliu/torch_subspace/checkpoint/resnet20_cifar100_epoch_160,0.96,160,0.03830000013113022,4.074343681335449,0.963100016117096,13.91476058959961,0.04230000078678131,4.068894386291504,0.6510000228881836,1.3866510391235352,0.009999999776482582,4.605688571929932,,
dd3c159c,main.py,2022-07-01 21:08:48,0:48:57,completed,resnet20_cifar100,none,/home/yliu/torch_subspace/data/,cifar100,cuda,resnet20,160,160,relative_error,/home/yliu/torch_subspace/checkpoint/resnet20_cifar100_epoch_160,0.98,160,0.03819999843835831,4.134496688842773,0.9760000109672546,14.85900592803955,0.04170000180602074,4.1308112144470215,0.6510000228881836,1.3866510391235352,0.009999999776482582,4.607784748077393,,
6260392c,main.py,2022-07-01 21:08:34,0:49:01,completed,resnet20_cifar100,none,/home/yliu/torch_subspace/data/,cifar100,cuda,resnet20,160,160,relative_error,/home/yliu/torch_subspace/checkpoint/resnet20_cifar100_epoch_160,0.99,160,0.035100001841783524,4.137040615081787,0.9760000109672546,15.086066246032715,0.040300000458955765,4.133420467376709,0.6510000228881836,1.3866510391235352,0.009999999776482582,4.607784748077393,,
c4cef1d1,main.py,2022-07-01 21:08:33,0:48:37,completed,resnet20_cifar100,none,/home/yliu/torch_subspace/data/,cifar100,cuda,resnet20,160,160,relative_layer_error,/home/yliu/torch_subspace/checkpoint/resnet20_cifar100_epoch_160,0.89,160,0.20819999277591705,3.0646114349365234,0.8866000175476074,15.326597213745117,0.2125999927520752,3.039114236831665,0.6510000228881836,1.3866510391235352,0.009999999776482582,4.945448398590088,,
92c53b3b,main.py,2022-07-01 21:07:52,0:49:11,completed,resnet20_cifar100,none,/home/yliu/torch_subspace/data/,cifar100,cuda,resnet20,160,160,relative_layer_error,/home/yliu/torch_subspace/checkpoint/resnet20_cifar100_epoch_160,0.93,160,0.11110000312328339,3.5457420349121094,0.932699978351593,14.20728588104248,0.11270000040531158,3.5457420349121094,0.6510000228881836,1.3866510391235352,0.009999999776482582,4.729222774505615,,
77544456,main.py,2022-07-01 20:22:51,0:48:47,completed,resnet20_cifar100,none,/home/yliu/torch_subspace/data/,cifar100,cuda,resnet20,160,160,relative_layer_error,/home/yliu/torch_subspace/checkpoint/resnet20_cifar100_epoch_160,0.96,160,0.035599999129772186,4.0750226974487305,0.963100016117096,13.927204132080078,0.0414000004529953,4.0725626945495605,0.6510000228881836,1.3866510391235352,0.009999999776482582,4.605688571929932,,
ae848ee5,main.py,2022-07-01 20:22:47,0:49:14,completed,resnet20_cifar100,none,/home/yliu/torch_subspace/data/,cifar100,cuda,resnet20,160,160,relative_layer_error,/home/yliu/torch_subspace/checkpoint/resnet20_cifar100_epoch_160,0.98,160,0.03739999979734421,4.1428422927856445,0.9760000109672546,14.985875129699707,0.039000000804662704,4.142134189605713,0.6510000228881836,1.3866510391235352,0.009999999776482582,4.607784748077393,,
82b74c8f,main.py,2022-07-01 20:22:37,0:49:12,completed,resnet20_cifar100,none,/home/yliu/torch_subspace/data/,cifar100,cuda,resnet20,160,160,relative_layer_error,/home/yliu/torch_subspace/checkpoint/resnet20_cifar100_epoch_160,0.99,160,0.03720000013709068,4.149292945861816,0.9760000109672546,14.785754203796387,0.03869999945163727,4.140384197235107,0.6510000228881836,1.3866510391235352,0.009999999776482582,4.607784748077393,,
097f8122,main.py,2022-07-01 20:22:33,0:48:53,completed,resnet20_cifar100,none,/home/yliu/torch_subspace/data/,cifar100,cuda,resnet20,160,160,alignment_output,/home/yliu/torch_subspace/checkpoint/resnet20_cifar100_epoch_160,0.89,160,0.2484000027179718,2.8594284057617188,0.9150000214576721,15.64071273803711,0.2542000114917755,2.8490755558013916,0.6510000228881836,1.3866510391235352,0.009999999776482582,5.026881694793701,,
687dd378,main.py,2022-07-01 20:19:39,0:48:53,completed,resnet20_cifar100,none,/home/yliu/torch_subspace/data/,cifar100,cuda,resnet20,160,160,alignment_output,/home/yliu/torch_subspace/checkpoint/resnet20_cifar100_epoch_160,0.93,160,0.10769999772310257,3.5195600986480713,0.9502999782562256,14.991974830627441,0.11029999703168869,3.5195600986480713,0.6510000228881836,1.3866510391235352,0.009999999776482582,4.805166721343994,,
604cfd31,main.py,2022-07-01 20:19:38,0:48:54,completed,resnet20_cifar100,none,/home/yliu/torch_subspace/data/,cifar100,cuda,resnet20,160,160,alignment_output,/home/yliu/torch_subspace/checkpoint/resnet20_cifar100_epoch_160,0.96,160,0.0357000008225441,4.044294357299805,0.9710000157356262,15.141441345214844,0.04170000180602074,4.035587787628174,0.6510000228881836,1.3866510391235352,0.009999999776482582,4.644552707672119,,
9e7ea97b,main.py,2022-07-01 20:19:22,0:49:25,completed,resnet20_cifar100,none,/home/yliu/torch_subspace/data/,cifar100,cuda,resnet20,160,160,alignment_output,/home/yliu/torch_subspace/checkpoint/resnet20_cifar100_epoch_160,0.98,160,0.009999999776482582,4.605169773101807,0.9850999712944031,14.862585067749023,0.009999999776482582,4.6051506996154785,0.6510000228881836,1.3866510391235352,0.009999999776482582,4.605668067932129,,
4d98052c,main.py,2022-07-01 20:19:19,0:48:31,completed,resnet20_cifar100,none,/home/yliu/torch_subspace/data/,cifar100,cuda,resnet20,160,160,alignment_output,/home/yliu/torch_subspace/checkpoint/resnet20_cifar100_epoch_160,0.99,160,0.009999999776482582,4.605172634124756,0.9916999936103821,14.437639236450195,0.009999999776482582,4.605154991149902,0.6510000228881836,1.3866510391235352,0.009999999776482582,4.605668067932129,,
6637c16d,main.py,2022-07-01 20:19:15,0:00:23,error,resnet20_cifar100,alds,/home/yliu/torch_subspace/data/,cifar100,cuda,resnet20,160,160,alignment_variance,/home/yliu/torch_subspace/checkpoint/resnet20_cifar100_epoch_160,0.89,,,,,,,,,,,,,
9272c7d8,main.py,2022-07-01 20:19:14,0:00:23,error,resnet20_cifar100,alds,/home/yliu/torch_subspace/data/,cifar100,cuda,resnet20,160,160,alignment_variance,/home/yliu/torch_subspace/checkpoint/resnet20_cifar100_epoch_160,0.93,,,,,,,,,,,,,
3b0c5e48,main.py,2022-07-01 20:18:59,0:00:22,error,resnet20_cifar100,alds,/home/yliu/torch_subspace/data/,cifar100,cuda,resnet20,160,160,alignment_variance,/home/yliu/torch_subspace/checkpoint/resnet20_cifar100_epoch_160,0.96,,,,,,,,,,,,,
24e139b3,main.py,2022-07-01 20:18:55,0:00:23,error,resnet20_cifar100,alds,/home/yliu/torch_subspace/data/,cifar100,cuda,resnet20,160,160,alignment_variance,/home/yliu/torch_subspace/checkpoint/resnet20_cifar100_epoch_160,0.98,,,,,,,,,,,,,
4a387d72,main.py,2022-07-01 20:18:51,0:00:23,error,resnet20_cifar100,alds,/home/yliu/torch_subspace/data/,cifar100,cuda,resnet20,160,160,alignment_variance,/home/yliu/torch_subspace/checkpoint/resnet20_cifar100_epoch_160,0.99,,,,,,,,,,,,,
eca2a160,main.py,2022-07-01 20:18:27,0:53:24,completed,resnet20_cifar100,alds,/home/yliu/torch_subspace/data/,cifar100,cuda,resnet20,160,160,magnitude,/home/yliu/torch_subspace/checkpoint/resnet20_cifar100_epoch_160,0.89,160,0.5501000285148621,1.6520824432373047,0.83160001039505,19.116497039794922,0.5503000020980835,1.6441835165023804,0.6510000228881836,1.3866510391235352,0.009999999776482582,9.913325309753418,,
0cb474a7,main.py,2022-07-01 20:17:52,0:57:33,completed,resnet20_cifar100,alds,/home/yliu/torch_subspace/data/,cifar100,cuda,resnet20,160,160,magnitude,/home/yliu/torch_subspace/checkpoint/resnet20_cifar100_epoch_160,0.93,160,0.4763000011444092,1.945615291595459,0.8931999802589417,17.0685977935791,0.47690001130104065,1.9380507469177246,0.6510000228881836,1.3866510391235352,0.009999999776482582,6.408931255340576,,
00b5a585,main.py,2022-07-01 20:17:48,0:52:48,completed,resnet20_cifar100,alds,/home/yliu/torch_subspace/data/,cifar100,cuda,resnet20,160,160,magnitude,/home/yliu/torch_subspace/checkpoint/resnet20_cifar100_epoch_160,0.96,160,0.009999999776482582,4.605169773101807,0.9445000290870667,15.982206344604492,0.009999999776482582,4.605088233947754,0.6510000228881836,1.3866510391235352,0.009999999776482582,5.823997974395752,,
2b5c367d,main.py,2022-07-01 20:17:38,0:57:39,completed,resnet20_cifar100,alds,/home/yliu/torch_subspace/data/,cifar100,cuda,resnet20,160,160,magnitude,/home/yliu/torch_subspace/checkpoint/resnet20_cifar100_epoch_160,0.98,160,0.009999999776482582,4.605167388916016,0.9768000245094299,17.02752685546875,0.009999999776482582,4.605116367340088,0.6510000228881836,1.3866510391235352,0.009999999776482582,6.299901485443115,,
bb0aef15,main.py,2022-07-01 20:17:36,0:57:10,completed,resnet20_cifar100,alds,/home/yliu/torch_subspace/data/,cifar100,cuda,resnet20,160,160,magnitude,/home/yliu/torch_subspace/checkpoint/resnet20_cifar100_epoch_160,0.99,160,0.009999999776482582,4.605167865753174,0.9878000020980835,17.24762725830078,0.009999999776482582,4.6051025390625,0.6510000228881836,1.3866510391235352,0.009999999776482582,5.713223457336426,,
5046aaf3,main.py,2022-07-01 20:17:25,0:53:29,completed,resnet20_cifar100,alds,/home/yliu/torch_subspace/data/,cifar100,cuda,resnet20,160,160,relative_error,/home/yliu/torch_subspace/checkpoint/resnet20_cifar100_epoch_160,0.89,160,0.5627999901771545,1.5953269004821777,0.8529000282287598,18.268232345581055,0.5644999742507935,1.583692193031311,0.6510000228881836,1.3866510391235352,0.009999999776482582,6.778427600860596,,
e138f6c9,main.py,2022-07-01 20:16:51,0:57:09,completed,resnet20_cifar100,alds,/home/yliu/torch_subspace/data/,cifar100,cuda,resnet20,160,160,relative_error,/home/yliu/torch_subspace/checkpoint/resnet20_cifar100_epoch_160,0.93,160,0.48489999771118164,1.910347580909729,0.911300003528595,16.866655349731445,0.4887000024318695,1.897523045539856,0.6510000228881836,1.3866510391235352,0.009999999776482582,6.135626316070557,,
c05bf685,main.py,2022-07-01 20:16:16,0:53:07,completed,resnet20_cifar100,alds,/home/yliu/torch_subspace/data/,cifar100,cuda,resnet20,160,160,relative_error,/home/yliu/torch_subspace/checkpoint/resnet20_cifar100_epoch_160,0.96,160,0.3066999912261963,2.636464834213257,0.9537000060081482,15.19735336303711,0.3102000057697296,2.628875255584717,0.6510000228881836,1.3866510391235352,0.009999999776482582,4.800429344177246,,
eb074d4f,main.py,2022-07-01 19:25:51,0:56:59,completed,resnet20_cifar100,alds,/home/yliu/torch_subspace/data/,cifar100,cuda,resnet20,160,160,relative_error,/home/yliu/torch_subspace/checkpoint/resnet20_cifar100_epoch_160,0.98,160,0.24379999935626984,2.8917999267578125,0.9664999842643738,15.637383460998535,0.24379999935626984,2.886645793914795,0.6510000228881836,1.3866510391235352,0.009999999776482582,4.85116720199585,,
b093a7c6,main.py,2022-07-01 19:25:46,0:56:49,completed,resnet20_cifar100,alds,/home/yliu/torch_subspace/data/,cifar100,cuda,resnet20,160,160,relative_error,/home/yliu/torch_subspace/checkpoint/resnet20_cifar100_epoch_160,0.99,160,0.2321999967098236,2.9638845920562744,0.9664999842643738,14.810832023620605,0.23659999668598175,2.9506025314331055,0.6510000228881836,1.3866510391235352,0.009999999776482582,4.85116720199585,,
b1d0ef5c,main.py,2022-07-01 19:25:38,0:56:54,completed,resnet20_cifar100,alds,/home/yliu/torch_subspace/data/,cifar100,cuda,resnet20,160,160,relative_layer_error,/home/yliu/torch_subspace/checkpoint/resnet20_cifar100_epoch_160,0.89,160,0.5564000010490417,1.598099946975708,0.857200026512146,20.054805755615234,0.5637999773025513,1.5837292671203613,0.6510000228881836,1.3866510391235352,0.009999999776482582,6.9802422523498535,,
c1f86e56,main.py,2022-07-01 19:25:31,0:57:15,completed,resnet20_cifar100,alds,/home/yliu/torch_subspace/data/,cifar100,cuda,resnet20,160,160,relative_layer_error,/home/yliu/torch_subspace/checkpoint/resnet20_cifar100_epoch_160,0.93,160,0.47609999775886536,1.8979414701461792,0.9107000231742859,18.6545467376709,0.4805999994277954,1.8966182470321655,0.6510000228881836,1.3866510391235352,0.009999999776482582,7.379800796508789,,
b39831cd,main.py,2022-07-01 19:22:02,0:57:11,completed,resnet20_cifar100,alds,/home/yliu/torch_subspace/data/,cifar100,cuda,resnet20,160,160,relative_layer_error,/home/yliu/torch_subspace/checkpoint/resnet20_cifar100_epoch_160,0.96,160,0.3050000071525574,2.662879228591919,0.9524000287055969,15.516398429870605,0.3100999891757965,2.641474485397339,0.6510000228881836,1.3866510391235352,0.009999999776482582,5.814652442932129,,
7eafc29d,main.py,2022-07-01 19:21:48,0:57:02,completed,resnet20_cifar100,alds,/home/yliu/torch_subspace/data/,cifar100,cuda,resnet20,160,160,relative_layer_error,/home/yliu/torch_subspace/checkpoint/resnet20_cifar100_epoch_160,0.98,160,0.16249999403953552,3.385829448699951,0.9760000109672546,15.764430046081543,0.16599999368190765,3.370255470275879,0.6510000228881836,1.3866510391235352,0.009999999776482582,5.265535354614258,,
bb3e719b,main.py,2022-07-01 19:21:20,0:57:07,completed,resnet20_cifar100,alds,/home/yliu/torch_subspace/data/,cifar100,cuda,resnet20,160,160,relative_layer_error,/home/yliu/torch_subspace/checkpoint/resnet20_cifar100_epoch_160,0.99,160,0.05510000139474869,4.130275249481201,0.9889000058174133,14.420183181762695,0.05719999969005585,4.120350360870361,0.6510000228881836,1.3866510391235352,0.009999999776482582,4.765224933624268,,
0b84348b,main.py,2022-07-01 19:20:42,0:58:15,completed,resnet20_cifar100,alds,/home/yliu/torch_subspace/data/,cifar100,cuda,resnet20,160,160,alignment_output,/home/yliu/torch_subspace/checkpoint/resnet20_cifar100_epoch_160,0.89,160,0.5388000011444092,1.6708039045333862,0.863099992275238,14.483806610107422,0.5443999767303467,1.6609832048416138,0.6510000228881836,1.3866510391235352,0.009999999776482582,5.24097204208374,,
10403ea4,main.py,2022-07-01 19:20:15,0:58:39,completed,resnet20_cifar100,alds,/home/yliu/torch_subspace/data/,cifar100,cuda,resnet20,160,160,alignment_output,/home/yliu/torch_subspace/checkpoint/resnet20_cifar100_epoch_160,0.93,160,0.414000004529953,2.1892189979553223,0.9194999933242798,15.596698760986328,0.41670000553131104,2.1735198497772217,0.6510000228881836,1.3866510391235352,0.00989999994635582,5.1109161376953125,,
54da040e,main.py,2022-07-01 19:19:16,0:58:31,completed,resnet20_cifar100,alds,/home/yliu/torch_subspace/data/,cifar100,cuda,resnet20,160,160,alignment_output,/home/yliu/torch_subspace/checkpoint/resnet20_cifar100_epoch_160,0.96,160,0.20110000669956207,3.0632452964782715,0.9585999846458435,15.145793914794922,0.2029999941587448,3.057351589202881,0.6510000228881836,1.3866510391235352,0.009999999776482582,4.77285623550415,,
72024b36,main.py,2022-07-01 19:19:09,0:58:14,completed,resnet20_cifar100,alds,/home/yliu/torch_subspace/data/,cifar100,cuda,resnet20,160,160,alignment_output,/home/yliu/torch_subspace/checkpoint/resnet20_cifar100_epoch_160,0.98,160,0.009999999776482582,4.605170249938965,0.9829999804496765,14.491006851196289,0.009999999776482582,4.6051483154296875,0.6510000228881836,1.3866510391235352,0.009999999776482582,4.605668067932129,,
16b441c7,main.py,2022-07-01 19:18:59,0:57:16,completed,resnet20_cifar100,alds,/home/yliu/torch_subspace/data/,cifar100,cuda,resnet20,160,160,alignment_output,/home/yliu/torch_subspace/checkpoint/resnet20_cifar100_epoch_160,0.99,160,0.009999999776482582,4.605169773101807,0.991100013256073,14.69811725616455,0.009999999776482582,4.605137825012207,0.6510000228881836,1.3866510391235352,0.009999999776482582,4.605668067932129,,
18b13a96,main.py,2022-07-01 19:18:51,0:00:24,error,resnet20_cifar100,square,/home/yliu/torch_subspace/data/,cifar100,cuda,resnet20,160,160,alignment_variance,/home/yliu/torch_subspace/checkpoint/resnet20_cifar100_epoch_160,0.89,,,,,,,,,,,,,
a082e2a0,main.py,2022-07-01 19:18:34,0:00:23,error,resnet20_cifar100,square,/home/yliu/torch_subspace/data/,cifar100,cuda,resnet20,160,160,alignment_variance,/home/yliu/torch_subspace/checkpoint/resnet20_cifar100_epoch_160,0.93,,,,,,,,,,,,,
abb79e3d,main.py,2022-07-01 19:18:27,0:00:23,error,resnet20_cifar100,square,/home/yliu/torch_subspace/data/,cifar100,cuda,resnet20,160,160,alignment_variance,/home/yliu/torch_subspace/checkpoint/resnet20_cifar100_epoch_160,0.96,,,,,,,,,,,,,
27f8562b,main.py,2022-07-01 19:18:03,0:00:23,error,resnet20_cifar100,square,/home/yliu/torch_subspace/data/,cifar100,cuda,resnet20,160,160,alignment_variance,/home/yliu/torch_subspace/checkpoint/resnet20_cifar100_epoch_160,0.98,,,,,,,,,,,,,
78e8471c,main.py,2022-07-01 19:17:39,0:00:23,error,resnet20_cifar100,square,/home/yliu/torch_subspace/data/,cifar100,cuda,resnet20,160,160,alignment_variance,/home/yliu/torch_subspace/checkpoint/resnet20_cifar100_epoch_160,0.99,,,,,,,,,,,,,
a31e6028,main.py,2022-07-01 19:15:38,1:01:57,completed,resnet20_cifar100,square,/home/yliu/torch_subspace/data/,cifar100,cuda,resnet20,160,160,magnitude,/home/yliu/torch_subspace/checkpoint/resnet20_cifar100_epoch_160,0.89,160,0.6168000102043152,1.4916749000549316,0.7486000061035156,56.93363571166992,0.6215000152587891,1.452642798423767,0.6510000228881836,1.3866510391235352,0.010200000368058681,22.674299240112305,,
289e70e2,main.py,2022-07-01 19:15:15,1:02:36,completed,resnet20_cifar100,square,/home/yliu/torch_subspace/data/,cifar100,cuda,resnet20,160,160,magnitude,/home/yliu/torch_subspace/checkpoint/resnet20_cifar100_epoch_160,0.93,160,0.5777000188827515,1.5707491636276245,0.8303999900817871,17.90849494934082,0.579200029373169,1.5693796873092651,0.6510000228881836,1.3866510391235352,0.009800000116229057,6.959403991699219,,
4cf162d1,main.py,2022-07-01 19:15:02,1:02:34,completed,resnet20_cifar100,square,/home/yliu/torch_subspace/data/,cifar100,cuda,resnet20,160,160,magnitude,/home/yliu/torch_subspace/checkpoint/resnet20_cifar100_epoch_160,0.96,160,0.48019999265670776,1.9403308629989624,0.8960000276565552,17.33561897277832,0.482699990272522,1.9385849237442017,0.6510000228881836,1.3866510391235352,0.011900000274181366,6.5586018562316895,,
154ae36f,main.py,2022-07-01 19:14:29,1:02:21,completed,resnet20_cifar100,square,/home/yliu/torch_subspace/data/,cifar100,cuda,resnet20,160,160,magnitude,/home/yliu/torch_subspace/checkpoint/resnet20_cifar100_epoch_160,0.98,160,0.009999999776482582,4.605165481567383,0.9434999823570251,16.451173782348633,0.009999999776482582,4.605075359344482,0.6510000228881836,1.3866510391235352,0.009999999776482582,5.786796569824219,,
bb1807c5,main.py,2022-07-01 18:23:59,1:01:52,completed,resnet20_cifar100,square,/home/yliu/torch_subspace/data/,cifar100,cuda,resnet20,160,160,magnitude,/home/yliu/torch_subspace/checkpoint/resnet20_cifar100_epoch_160,0.99,160,0.009999999776482582,4.605169296264648,0.9681000113487244,16.866893768310547,0.009999999776482582,4.6050920486450195,0.6510000228881836,1.3866510391235352,0.009999999776482582,6.006938934326172,,
24fd07e2,main.py,2022-07-01 18:23:58,1:01:32,completed,resnet20_cifar100,square,/home/yliu/torch_subspace/data/,cifar100,cuda,resnet20,160,160,relative_error,/home/yliu/torch_subspace/checkpoint/resnet20_cifar100_epoch_160,0.89,160,0.5533999800682068,1.783191442489624,0.7954999804496765,15.883256912231445,0.5562000274658203,1.7485857009887695,0.6510000228881836,1.3866510391235352,0.006399999838322401,5.132110595703125,,
4e79e829,main.py,2022-07-01 18:23:54,1:01:51,completed,resnet20_cifar100,square,/home/yliu/torch_subspace/data/,cifar100,cuda,resnet20,160,160,relative_error,/home/yliu/torch_subspace/checkpoint/resnet20_cifar100_epoch_160,0.93,160,0.33090001344680786,2.6377742290496826,0.8729000091552734,15.497791290283203,0.33820000290870667,2.6261708736419678,0.6510000228881836,1.3866510391235352,0.0142000000923872,4.72678279876709,,
555f36df,main.py,2022-07-01 18:23:45,1:01:52,completed,resnet20_cifar100,square,/home/yliu/torch_subspace/data/,cifar100,cuda,resnet20,160,160,relative_error,/home/yliu/torch_subspace/checkpoint/resnet20_cifar100_epoch_160,0.96,160,0.04010000079870224,3.985487222671509,0.9326000213623047,15.004347801208496,0.043800000101327896,3.9606621265411377,0.6510000228881836,1.3866510391235352,0.009999999776482582,4.636430263519287,,
f808d84c,main.py,2022-07-01 18:19:53,1:01:54,completed,resnet20_cifar100,square,/home/yliu/torch_subspace/data/,cifar100,cuda,resnet20,160,160,relative_error,/home/yliu/torch_subspace/checkpoint/resnet20_cifar100_epoch_160,0.98,160,0.044599998742341995,3.9852049350738525,0.9581000208854675,15.188444137573242,0.04820000007748604,3.9761784076690674,0.6510000228881836,1.3866510391235352,0.009999999776482582,4.606192588806152,,
350bd0fc,main.py,2022-07-01 18:19:48,1:02:13,completed,resnet20_cifar100,square,/home/yliu/torch_subspace/data/,cifar100,cuda,resnet20,160,160,relative_error,/home/yliu/torch_subspace/checkpoint/resnet20_cifar100_epoch_160,0.99,160,0.04309999942779541,4.000645160675049,0.9581000208854675,14.795175552368164,0.04749999940395355,3.981920003890991,0.6510000228881836,1.3866510391235352,0.009999999776482582,4.606192588806152,,
b87f979b,main.py,2022-07-01 18:19:22,1:01:56,completed,resnet20_cifar100,square,/home/yliu/torch_subspace/data/,cifar100,cuda,resnet20,160,160,relative_layer_error,/home/yliu/torch_subspace/checkpoint/resnet20_cifar100_epoch_160,0.89,160,0.6184999942779541,1.4451478719711304,0.7810999751091003,19.831005096435547,0.6226999759674072,1.4310870170593262,0.6510000228881836,1.3866510391235352,0.009999999776482582,8.411537170410156,,
69f354ec,main.py,2022-07-01 18:18:01,1:02:41,completed,resnet20_cifar100,square,/home/yliu/torch_subspace/data/,cifar100,cuda,resnet20,160,160,relative_layer_error,/home/yliu/torch_subspace/checkpoint/resnet20_cifar100_epoch_160,0.93,160,0.5755000114440918,1.5286699533462524,0.8579999804496765,19.32203483581543,0.5774999856948853,1.5202734470367432,0.6510000228881836,1.3866510391235352,0.009999999776482582,8.609350204467773,,
c0052bff,main.py,2022-07-01 18:17:43,1:02:31,completed,resnet20_cifar100,square,/home/yliu/torch_subspace/data/,cifar100,cuda,resnet20,160,160,relative_layer_error,/home/yliu/torch_subspace/checkpoint/resnet20_cifar100_epoch_160,0.96,160,0.43630000948905945,2.1117000579833984,0.916700005531311,19.74978256225586,0.4375999867916107,2.1045303344726562,0.6510000228881836,1.3866510391235352,0.009999999776482582,7.442739486694336,,
f8867f2d,main.py,2022-07-01 17:24:40,1:49:48,completed,resnet20_cifar100,square,/home/yliu/torch_subspace/data/,cifar100,cuda,resnet20,160,160,relative_layer_error,/home/yliu/torch_subspace/checkpoint/resnet20_cifar100_epoch_160,0.98,160,0.20669999718666077,3.25278902053833,0.9555000066757202,17.496854782104492,0.2142000049352646,3.2343509197235107,0.6528000235557556,1.3242079019546509,0.010300000198185444,5.951301574707031,0.6486999988555908,1.4193992614746094
85832f94,main.py,2022-07-01 17:24:36,1:53:02,completed,resnet20_cifar100,square,/home/yliu/torch_subspace/data/,cifar100,cuda,resnet20,160,160,relative_layer_error,/home/yliu/torch_subspace/checkpoint/resnet20_cifar100_epoch_160,0.99,160,0.1818999946117401,3.433314323425293,0.977400004863739,16.119611740112305,0.18700000643730164,3.426079273223877,0.6570000052452087,1.2989784479141235,0.009999999776482582,5.626667022705078,0.6464999914169312,1.4173299074172974
92ff0236,main.py,2022-07-01 17:24:35,1:51:02,completed,resnet20_cifar100,square,/home/yliu/torch_subspace/data/,cifar100,cuda,resnet20,160,160,alignment_output,/home/yliu/torch_subspace/checkpoint/resnet20_cifar100_epoch_160,0.89,160,0.6172000169754028,1.4820401668548584,0.7885000109672546,23.075380325317383,0.6172000169754028,1.4614148139953613,0.6557000279426575,1.324761986732483,0.009800000116229057,9.678412437438965,0.6500999927520752,1.3967230319976807
b72fc350,main.py,2022-07-01 17:24:31,1:54:02,completed,resnet20_cifar100,square,/home/yliu/torch_subspace/data/,cifar100,cuda,resnet20,160,160,alignment_output,/home/yliu/torch_subspace/checkpoint/resnet20_cifar100_epoch_160,0.93,160,0.5454000234603882,1.6837064027786255,0.8664000034332275,18.13845443725586,0.5509999990463257,1.6701065301895142,0.6553000211715698,1.329353928565979,0.009399999864399433,6.685600757598877,0.6474000215530396,1.398378849029541
a3d8e6d4,main.py,2022-07-01 17:24:30,1:50:31,completed,resnet20_cifar100,square,/home/yliu/torch_subspace/data/,cifar100,cuda,resnet20,160,160,alignment_output,/home/yliu/torch_subspace/checkpoint/resnet20_cifar100_epoch_160,0.96,160,0.42329999804496765,2.177445411682129,0.9243000149726868,13.929780006408691,0.4269999861717224,2.148815631866455,0.6538000106811523,1.2849600315093994,0.009999999776482582,4.781165599822998,0.6481000185012817,1.4120895862579346
7c01d9f8,main.py,2022-07-01 17:24:30,1:54:38,completed,resnet20_cifar100,square,/home/yliu/torch_subspace/data/,cifar100,cuda,resnet20,160,160,alignment_output,/home/yliu/torch_subspace/checkpoint/resnet20_cifar100_epoch_160,0.98,160,0.23929999768733978,2.914973735809326,0.9652000069618225,15.991408348083496,0.24459999799728394,2.903297185897827,0.6531999707221985,1.3234961032867432,0.009999999776482582,5.2949347496032715,0.6510000228881836,1.3866510391235352
1735fcfc,main.py,2022-07-01 17:24:30,1:50:44,completed,resnet20_cifar100,square,/home/yliu/torch_subspace/data/,cifar100,cuda,resnet20,160,160,alignment_output,/home/yliu/torch_subspace/checkpoint/resnet20_cifar100_epoch_160,0.99,160,0.009999999776482582,4.605170726776123,0.9818000197410583,14.7708740234375,0.009999999776482582,4.605108261108398,0.6560999751091003,1.3053622245788574,0.009999999776482582,4.614692211151123,0.6531999707221985,1.3816214799880981
