run,operation,started,time,status,label,blocker,dataset,gpu,model,postprune_epochs,preprune_epochs,pruner,sparsity,step,Accuracy/postprune,Accuracy/preprune,Loss/postprune,Loss/preprune,Sparsity,best_post_acc,best_post_loss,best_pre_acc,best_pre_loss,immediate_post_acc,immediate_post_loss
1dd45d78,main.py,2022-05-24 18:44:16,1:46:37,completed,vgg16_cifar10,none,cifar10,cuda,vgg16,160,160,magnitude,0.5,160,0.9388999938964844,0.9348000288009644,0.2745380997657776,0.31144580245018005,0.5831000208854675,0.9398000240325928,0.27310696244239807,0.9369999766349792,0.2940446436405182,0.9352999925613403,0.3128666579723358
bd2c6bfa,main.py,2022-05-24 18:43:20,2:13:36,completed,vgg16_cifar10,none,cifar10,cuda,vgg16,160,160,magnitude,0.7,160,0.9376999735832214,0.9355999827384949,0.2949475944042206,0.3152729272842407,0.7865999937057495,0.9391999840736389,0.2941477596759796,0.9365000128746033,0.30697351694107056,0.8780999779701233,1.2117674350738525
b95d324a,main.py,2022-05-24 18:43:01,1:46:51,completed,vgg16_cifar10,none,cifar10,cuda,vgg16,160,160,magnitude,0.89,160,0.10000000149011612,0.933899998664856,2.3025879859924316,0.3208331763744354,0.9330000281333923,0.10000000149011612,2.3024563789367676,0.9347000122070312,0.3191816210746765,0.10000000149011612,2.3120193481445312
e761c559,main.py,2022-05-24 18:42:42,2:13:36,completed,vgg16_cifar10,none,cifar10,cuda,vgg16,160,160,magnitude,0.93,160,0.10000000149011612,0.9341999888420105,2.302581310272217,0.31069037318229675,0.9603000283241272,0.10000000149011612,2.302480459213257,0.9345999956130981,0.30398425459861755,0.10000000149011612,2.3091366291046143
f760a2ff,main.py,2022-05-24 18:40:34,1:46:39,completed,vgg16_cifar10,none,cifar10,cuda,vgg16,160,160,magnitude,0.96,160,0.10000000149011612,0.9334999918937683,2.302584409713745,0.3212699890136719,0.9789999723434448,0.10000000149011612,2.302534580230713,0.9354000091552734,0.2857307195663452,0.10000000149011612,2.3063554763793945
72c94d63,main.py,2022-05-24 18:40:04,1:45:59,completed,vgg16_cifar10,none,cifar10,cuda,vgg16,160,160,magnitude,0.97,160,0.10000000149011612,0.9351000189781189,2.3025848865509033,0.3130524158477783,0.9854999780654907,0.10000000149011612,2.3025426864624023,0.9358999729156494,0.30727776885032654,0.10000000149011612,2.3152894973754883
0be8379a,main.py,2022-05-24 18:39:01,1:46:39,completed,vgg16_cifar10,none,cifar10,cuda,vgg16,160,160,magnitude,0.975,160,0.10000000149011612,0.9348999857902527,2.3025848865509033,0.31133610010147095,0.9886999726295471,0.10000000149011612,2.3025283813476562,0.9352999925613403,0.2875158488750458,0.10000000149011612,2.3104474544525146
4c7fac18,main.py,2022-05-24 18:29:18,2:12:17,completed,vgg16_cifar10,none,cifar10,cuda,vgg16,160,160,magnitude,0.98,160,0.10000000149011612,0.9358999729156494,2.302583932876587,0.3106565475463867,0.9918000102043152,0.10000000149011612,2.302504539489746,0.9369000196456909,0.3072957396507263,0.10000000149011612,2.31156063079834
0bdbb925,main.py,2022-05-24 18:25:18,2:12:30,completed,vgg16_cifar10,none,cifar10,cuda,vgg16,160,160,magnitude,0.985,160,0.10000000149011612,0.9337999820709229,2.3025848865509033,0.3101801872253418,0.9941999912261963,0.10000000149011612,2.3025200366973877,0.9350000023841858,0.2977016568183899,0.10000000149011612,2.3110060691833496
2f1d25b4,main.py,2022-05-24 17:59:22,1:59:25,completed,vgg16_cifar10,none,cifar10,cuda,vgg16,160,160,magnitude,0.99,160,0.10000000149011612,0.9345999956130981,2.302588939666748,0.31807783246040344,0.9968000054359436,0.10000000149011612,2.302541971206665,0.9348000288009644,0.3065175712108612,0.10000000149011612,2.3124494552612305
b875a206,main.py,2022-05-24 17:04:21,2:06:03,completed,vgg16_cifar10,none,cifar10,cuda,vgg16,160,160,relative_error,0.5,160,0.9419000148773193,0.934499979019165,0.2668547034263611,0.30802226066589355,0.5501999855041504,0.9420999884605408,0.2657298147678375,0.9362999796867371,0.2929772436618805,0.9232000112533569,0.38513633608818054
e70efe0f,main.py,2022-05-24 16:56:08,1:48:07,completed,vgg16_cifar10,none,cifar10,cuda,vgg16,160,160,relative_error,0.7,160,0.9383000135421753,0.9368000030517578,0.28020867705345154,0.3145938217639923,0.7566999793052673,0.9401000142097473,0.28020867705345154,0.9368000030517578,0.30164045095443726,0.9110000133514404,0.43562692403793335
23215624,main.py,2022-05-24 16:55:26,1:47:34,completed,vgg16_cifar10,none,cifar10,cuda,vgg16,160,160,relative_error,0.89,160,0.9327999949455261,0.9355999827384949,0.31415727734565735,0.3252657651901245,0.910099983215332,0.9340999722480774,0.29541370272636414,0.9373999834060669,0.30995845794677734,0.23680000007152557,2.406783103942871
d39d5066,main.py,2022-05-24 16:54:01,1:46:32,completed,vgg16_cifar10,none,cifar10,cuda,vgg16,160,160,relative_error,0.93,160,0.921999990940094,0.9325000047683716,0.3750632703304291,0.31971976161003113,0.9438999891281128,0.923799991607666,0.30358487367630005,0.9337000250816345,0.30560171604156494,0.10029999911785126,2.3768510818481445
74b288b7,main.py,2022-05-24 16:53:08,1:46:55,completed,vgg16_cifar10,none,cifar10,cuda,vgg16,160,160,relative_error,0.96,160,0.8730000257492065,0.9358999729156494,0.4417172074317932,0.30451861023902893,0.9689000248908997,0.8770999908447266,0.41623997688293457,0.9361000061035156,0.3017309308052063,0.10000000149011612,2.3173208236694336
c53ed931,main.py,2022-05-24 16:50:41,1:48:19,completed,vgg16_cifar10,none,cifar10,cuda,vgg16,160,160,relative_error,0.97,160,0.8306000232696533,0.9319000244140625,0.5233786106109619,0.3285845220088959,0.9764999747276306,0.832099974155426,0.5213596820831299,0.9333999752998352,0.31165722012519836,0.10000000149011612,2.3186607360839844
f9f8101b,main.py,2022-05-24 16:30:04,2:13:15,completed,vgg16_cifar10,none,cifar10,cuda,vgg16,160,160,relative_error,0.975,160,0.10000000149011612,0.9366999864578247,2.302586078643799,0.2966310679912567,0.9807999730110168,0.10000000149011612,2.302511215209961,0.9379000067710876,0.29338976740837097,0.10000000149011612,2.325913190841675
03e244ce,main.py,2022-05-24 16:28:29,2:14:11,completed,vgg16_cifar10,none,cifar10,cuda,vgg16,160,160,relative_error,0.98,160,0.10000000149011612,0.9348999857902527,2.302584648132324,0.3139745891094208,0.9857000112533569,0.10000000149011612,2.302516460418701,0.9358999729156494,0.30710864067077637,0.10000000149011612,2.3120014667510986
a95c3cf6,main.py,2022-05-24 16:20:05,2:09:12,completed,vgg16_cifar10,none,cifar10,cuda,vgg16,160,160,relative_error,0.985,160,0.10000000149011612,0.9363999962806702,2.302583694458008,0.3131546080112457,0.9886999726295471,0.10000000149011612,2.302522659301758,0.9377999901771545,0.2901804447174072,0.10000000149011612,2.31103253364563
c1a32c3d,main.py,2022-05-24 16:17:12,2:08:06,completed,vgg16_cifar10,none,cifar10,cuda,vgg16,160,160,relative_error,0.99,160,0.10000000149011612,0.9348999857902527,2.302583694458008,0.32013702392578125,0.9930999875068665,0.10000000149011612,2.3025145530700684,0.9348999857902527,0.31178972125053406,0.10000000149011612,2.309274911880493
bf07e502,main.py,2022-05-24 15:47:30,2:11:52,completed,vgg16_cifar10,none,cifar10,cuda,vgg16,160,160,alignment_output_sampling,0.5,160,0.10000000149011612,0.9333000183105469,2.3025834560394287,0.3197396993637085,0.589900016784668,0.10000000149011612,2.3025026321411133,0.9336000084877014,0.3008310794830322,0.10000000149011612,2.3025245666503906
645af4bb,main.py,2022-05-24 15:08:55,1:47:13,completed,vgg16_cifar10,none,cifar10,cuda,vgg16,160,160,alignment_output_sampling,0.7,160,0.10000000149011612,0.9377999901771545,2.302586793899536,0.3023121654987335,0.7749000191688538,0.10000000149011612,2.3025426864624023,0.9387000203132629,0.298820436000824,0.10000000149011612,2.3025548458099365
fcc725bf,main.py,2022-05-24 15:06:52,1:48:33,completed,vgg16_cifar10,none,cifar10,cuda,vgg16,160,160,alignment_output_sampling,0.89,160,0.8701000213623047,0.9344000220298767,0.7607805132865906,0.3250916004180908,0.9071000218391418,0.8722000122070312,0.5877124667167664,0.9355000257492065,0.29196733236312866,0.10000000149011612,2.303081512451172
97b46d62,main.py,2022-05-24 15:05:56,1:48:04,completed,vgg16_cifar10,none,cifar10,cuda,vgg16,160,160,alignment_output_sampling,0.93,160,0.7425000071525574,0.9369999766349792,1.1051722764968872,0.30190762877464294,0.9427000284194946,0.7425000071525574,0.9961403012275696,0.9375,0.29651182889938354,0.10000000149011612,2.308314800262451
b18f2559,main.py,2022-05-24 15:04:54,1:48:13,completed,vgg16_cifar10,none,cifar10,cuda,vgg16,160,160,alignment_output_sampling,0.96,160,0.6887999773025513,0.9341999888420105,1.1625841856002808,0.33494919538497925,0.9675999879837036,0.6887999773025513,1.120444893836975,0.9350000023841858,0.3030048608779907,0.10000000149011612,2.3038082122802734
a48eee2b,main.py,2022-05-24 15:03:31,1:47:09,completed,vgg16_cifar10,none,cifar10,cuda,vgg16,160,160,alignment_output_sampling,0.97,160,0.10000000149011612,0.9388999938964844,2.3025832176208496,0.29501888155937195,0.9746999740600586,0.10000000149011612,2.30252742767334,0.9388999938964844,0.2844865024089813,0.10000000149011612,2.3025450706481934
03dba85e,main.py,2022-05-24 14:47:12,2:17:08,completed,vgg16_cifar10,none,cifar10,cuda,vgg16,160,160,alignment_output_sampling,0.975,160,0.791100025177002,0.9375,0.7964512705802917,0.3029642403125763,0.9786999821662903,0.7932999730110168,0.7560304403305054,0.9395999908447266,0.2903361916542053,0.10000000149011612,2.3029239177703857
009f48c9,main.py,2022-05-24 14:16:17,2:13:45,completed,vgg16_cifar10,none,cifar10,cuda,vgg16,160,160,alignment_output_sampling,0.98,160,0.7560999989509583,0.9363999962806702,0.8102056980133057,0.31456926465034485,0.9835000038146973,0.7594000101089478,0.802678108215332,0.9369000196456909,0.2847200632095337,0.10000000149011612,2.308913469314575
eaae4270,main.py,2022-05-24 14:14:40,2:13:49,completed,vgg16_cifar10,none,cifar10,cuda,vgg16,160,160,alignment_output_sampling,0.985,160,0.10000000149011612,0.9355999827384949,2.3025801181793213,0.30587238073349,0.9883000254631042,0.10000000149011612,2.302556276321411,0.9379000067710876,0.2992962896823883,0.10000000149011612,2.3155574798583984
04fe2360,main.py,2022-05-24 14:06:05,2:13:58,completed,vgg16_cifar10,none,cifar10,cuda,vgg16,160,160,alignment_output_sampling,0.99,160,0.10000000149011612,0.9337000250816345,2.302584648132324,0.3189718425273895,0.9922999739646912,0.10000000149011612,2.302499532699585,0.9347000122070312,0.31021490693092346,0.10000000149011612,2.3030688762664795
90aacd50,main.py,2022-05-24 14:03:00,2:14:11,completed,vgg16_cifar10,none,cifar10,cuda,vgg16,160,160,alignment_output,0.5,160,0.9402999877929688,0.9326000213623047,0.2819276750087738,0.3100467324256897,0.5781000256538391,0.9416000247001648,0.2809969484806061,0.9355000257492065,0.3070371448993683,0.9322999715805054,0.3155820667743683
95f03fa5,main.py,2022-05-24 13:32:48,2:14:40,completed,vgg16_cifar10,none,cifar10,cuda,vgg16,160,160,alignment_output,0.7,160,0.9401000142097473,0.9340000152587891,0.28756678104400635,0.3250734806060791,0.7692000269889832,0.9406999945640564,0.28557658195495605,0.9343000054359436,0.3095700144767761,0.9282000064849854,0.35523614287376404
c84cc4e5,main.py,2022-05-24 13:20:11,1:48:43,completed,vgg16_cifar10,none,cifar10,cuda,vgg16,160,160,alignment_output,0.89,160,0.9312999844551086,0.9330999851226807,0.32054367661476135,0.3286466896533966,0.9121999740600586,0.933899998664856,0.2962660789489746,0.934499979019165,0.30268558859825134,0.22349999845027924,2.787313222885132
e5abc1ed,main.py,2022-05-24 13:19:09,1:47:41,completed,vgg16_cifar10,none,cifar10,cuda,vgg16,160,160,alignment_output,0.93,160,0.9153000116348267,0.9359999895095825,0.3870011270046234,0.30457359552383423,0.9398999810218811,0.9175999760627747,0.3107723593711853,0.9380000233650208,0.30318447947502136,0.10000000149011612,2.9365789890289307
12d85c4f,main.py,2022-05-24 13:17:00,1:48:55,completed,vgg16_cifar10,none,cifar10,cuda,vgg16,160,160,alignment_output,0.96,160,0.8650000095367432,0.9365000128746033,0.4411240816116333,0.30755558609962463,0.9656000137329102,0.8659999966621399,0.4306005537509918,0.9368000030517578,0.2980334758758545,0.10000000149011612,2.629387617111206
be4d9942,main.py,2022-05-24 13:16:41,1:48:12,completed,vgg16_cifar10,none,cifar10,cuda,vgg16,160,160,alignment_output,0.97,160,0.8378000259399414,0.9345999956130981,0.48847320675849915,0.31805160641670227,0.9757000207901001,0.8402000069618225,0.48808473348617554,0.9345999956130981,0.30981919169425964,0.10000000149011612,2.404700756072998
61752e6d,main.py,2022-05-24 13:15:54,1:47:36,completed,vgg16_cifar10,none,cifar10,cuda,vgg16,160,160,alignment_output,0.975,160,0.8208000063896179,0.9348999857902527,0.5481204390525818,0.3128129243850708,0.9810000061988831,0.8223000168800354,0.5412353873252869,0.9354000091552734,0.309670627117157,0.10000000149011612,2.4100801944732666
d9ee61f4,main.py,2022-05-24 12:29:04,2:18:07,completed,vgg16_cifar10,none,cifar10,cuda,vgg16,160,160,alignment_output,0.98,160,0.10000000149011612,0.9372000098228455,2.3025851249694824,0.3102581202983856,0.9865000247955322,0.10000000149011612,2.302537679672241,0.9372000098228455,0.30477389693260193,0.10000000149011612,2.377321720123291
c36b7534,main.py,2022-05-24 12:01:05,2:15:12,completed,vgg16_cifar10,none,cifar10,cuda,vgg16,160,160,alignment_output,0.985,160,0.6510000228881836,0.9366000294685364,0.9708809852600098,0.3089512288570404,0.9882000088691711,0.6590999960899353,0.9420689940452576,0.9370999932289124,0.28866973519325256,0.10000000149011612,2.3505992889404297
ed73db6c,main.py,2022-05-24 11:58:44,2:15:55,completed,vgg16_cifar10,none,cifar10,cuda,vgg16,160,160,alignment_output,0.99,160,0.10000000149011612,0.9352999925613403,2.302584648132324,0.3199356496334076,0.9944999814033508,0.10000000149011612,2.302530288696289,0.9352999925613403,0.30206966400146484,0.10000000149011612,2.364967107772827
f5c47d5e,main.py,2022-05-24 11:54:33,2:11:32,completed,vgg16_cifar10,alds,cifar10,cuda,vgg16,160,160,magnitude,0.5,160,0.9408000111579895,0.9320999979972839,0.25803181529045105,0.3239128291606903,0.3935999870300293,0.9422000050544739,0.2571313977241516,0.9333999752998352,0.30345460772514343,0.9315000176429749,0.32728874683380127
da5ff533,main.py,2022-05-24 11:53:04,2:09:55,completed,vgg16_cifar10,alds,cifar10,cuda,vgg16,160,160,magnitude,0.7,160,0.9363999962806702,0.9340999722480774,0.2852959632873535,0.3158530294895172,0.6825000047683716,0.9373000264167786,0.2839466333389282,0.9340999722480774,0.30658838152885437,0.9301000237464905,0.272349089384079
3bd67b1c,main.py,2022-05-24 11:30:39,1:49:31,completed,vgg16_cifar10,alds,cifar10,cuda,vgg16,160,160,magnitude,0.89,160,0.10000000149011612,0.9343000054359436,2.3025858402252197,0.3094061315059662,0.9053999781608582,0.10000000149011612,2.302488327026367,0.9355999827384949,0.30120721459388733,0.10000000149011612,2.3143343925476074
a1b62de6,main.py,2022-05-24 11:30:21,1:48:47,completed,vgg16_cifar10,alds,cifar10,cuda,vgg16,160,160,magnitude,0.93,160,0.10000000149011612,0.9325000047683716,2.3025853633880615,0.3127988874912262,0.9438999891281128,0.10000000149011612,2.302537441253662,0.9352999925613403,0.3079215884208679,0.10000000149011612,2.3116612434387207
503617de,main.py,2022-05-24 11:28:45,1:48:15,completed,vgg16_cifar10,alds,cifar10,cuda,vgg16,160,160,magnitude,0.96,160,0.10000000149011612,0.9369000196456909,2.3025879859924316,0.3068172037601471,0.9706000089645386,0.10000000149011612,2.3025059700012207,0.9369000196456909,0.29748228192329407,0.10000000149011612,2.3091328144073486
af3ad535,main.py,2022-05-24 11:28:04,1:48:36,completed,vgg16_cifar10,alds,cifar10,cuda,vgg16,160,160,magnitude,0.97,160,0.10000000149011612,0.9358000159263611,2.3025825023651123,0.31427115201950073,0.9797999858856201,0.10000000149011612,2.302502393722534,0.9361000061035156,0.31011682748794556,0.10000000149011612,2.3126120567321777
788a076d,main.py,2022-05-24 11:27:30,1:48:23,completed,vgg16_cifar10,alds,cifar10,cuda,vgg16,160,160,magnitude,0.975,160,0.10000000149011612,0.9330000281333923,2.3025875091552734,0.3214552402496338,0.9836000204086304,0.10000000149011612,2.3025283813476562,0.9337000250816345,0.307160884141922,0.10000000149011612,2.3125479221343994
e439e2f0,main.py,2022-05-24 10:37:56,1:51:07,completed,vgg16_cifar10,alds,cifar10,cuda,vgg16,160,160,magnitude,0.98,160,0.10000000149011612,0.9363999962806702,2.3025851249694824,0.31252071261405945,0.9876999855041504,0.10000000149011612,2.3025197982788086,0.9363999962806702,0.3069207966327667,0.10000000149011612,2.3086776733398438
21d77907,main.py,2022-05-24 09:50:37,2:10:27,completed,vgg16_cifar10,alds,cifar10,cuda,vgg16,160,160,magnitude,0.985,160,0.10000000149011612,0.9344000220298767,2.3025848865509033,0.3107750713825226,0.9919000267982483,0.10000000149011612,2.302527904510498,0.9358000159263611,0.2858327031135559,0.10000000149011612,2.3115975856781006
413a22e7,main.py,2022-05-24 09:48:48,2:09:55,completed,vgg16_cifar10,alds,cifar10,cuda,vgg16,160,160,magnitude,0.99,160,0.10000000149011612,0.9358000159263611,2.302586555480957,0.31736141443252563,0.995199978351593,0.10000000149011612,2.3024814128875732,0.9358000159263611,0.2967005968093872,0.10000000149011612,2.30914306640625
983378c6,main.py,2022-05-24 09:43:44,2:10:48,completed,vgg16_cifar10,alds,cifar10,cuda,vgg16,160,160,relative_error,0.5,160,0.9361000061035156,0.9358999729156494,0.2825007438659668,0.30864015221595764,0.3273000121116638,0.9370999932289124,0.2812191843986511,0.9363999962806702,0.2901895046234131,0.9337999820709229,0.31663084030151367
ed4a3a5a,main.py,2022-05-24 09:42:08,2:10:55,completed,vgg16_cifar10,alds,cifar10,cuda,vgg16,160,160,relative_error,0.7,160,0.941100001335144,0.933899998664856,0.2652033865451813,0.3083668351173401,0.6345000267028809,0.9417999982833862,0.2647051215171814,0.9358000159263611,0.3023305833339691,0.9301000237464905,0.3437573313713074
cad3825d,main.py,2022-05-24 09:41:47,1:48:51,completed,vgg16_cifar10,alds,cifar10,cuda,vgg16,160,160,relative_error,0.89,160,0.9375,0.9359999895095825,0.2834632396697998,0.3090808689594269,0.8730000257492065,0.9381999969482422,0.28129446506500244,0.9359999895095825,0.2980986535549164,0.48890000581741333,1.6026538610458374
8bcb78ae,main.py,2022-05-24 09:41:46,1:48:35,completed,vgg16_cifar10,alds,cifar10,cuda,vgg16,160,160,relative_error,0.93,160,0.9309999942779541,0.9337000250816345,0.3101837933063507,0.3070293366909027,0.9210000038146973,0.9330000281333923,0.2946889400482178,0.9350000023841858,0.2971624732017517,0.10000000149011612,2.479409694671631
fc29a4ad,main.py,2022-05-24 09:39:48,1:48:56,completed,vgg16_cifar10,alds,cifar10,cuda,vgg16,160,160,relative_error,0.96,160,0.9243999719619751,0.9319000244140625,0.34683626890182495,0.3237817585468292,0.955299973487854,0.9264000058174133,0.3089597821235657,0.932200014591217,0.31749993562698364,0.10000000149011612,2.318340539932251
fe718679,main.py,2022-05-24 09:39:17,1:48:47,completed,vgg16_cifar10,alds,cifar10,cuda,vgg16,160,160,relative_error,0.97,160,0.9089999794960022,0.9368000030517578,0.4025711715221405,0.3075408935546875,0.967199981212616,0.9133999943733215,0.3216385245323181,0.9368000030517578,0.30607661604881287,0.10000000149011612,2.318058490753174
3df768f2,main.py,2022-05-24 09:38:40,1:48:49,completed,vgg16_cifar10,alds,cifar10,cuda,vgg16,160,160,relative_error,0.975,160,0.8967999815940857,0.933899998664856,0.4134524166584015,0.31804949045181274,0.9721999764442444,0.8988000154495239,0.34349411725997925,0.9347000122070312,0.30152803659439087,0.10000000149011612,2.3146841526031494
d9574bee,main.py,2022-05-24 08:48:48,1:49:07,completed,vgg16_cifar10,alds,cifar10,cuda,vgg16,160,160,relative_error,0.98,160,0.8891000151634216,0.9345999956130981,0.42818304896354675,0.3165619671344757,0.9781000018119812,0.890500009059906,0.37299343943595886,0.9351999759674072,0.28482475876808167,0.10000000149011612,2.3152966499328613
562f7df6,main.py,2022-05-24 07:52:48,1:48:58,completed,vgg16_cifar10,alds,cifar10,cuda,vgg16,160,160,relative_error,0.985,160,0.8675000071525574,0.9320999979972839,0.44316911697387695,0.32203173637390137,0.9832000136375427,0.8705999851226807,0.4320085942745209,0.9343000054359436,0.30969247221946716,0.10000000149011612,2.308858633041382
0d5bb543,main.py,2022-05-24 07:52:35,1:49:09,completed,vgg16_cifar10,alds,cifar10,cuda,vgg16,160,160,relative_error,0.99,160,0.8287000060081482,0.9355999827384949,0.5165385603904724,0.30552899837493896,0.9886999726295471,0.8306999802589417,0.5115911960601807,0.9375,0.30057433247566223,0.10000000149011612,2.3060336112976074
aa2366d7,main.py,2022-05-24 07:50:31,1:49:16,completed,vgg16_cifar10,alds,cifar10,cuda,vgg16,160,160,alignment_output_sampling,0.5,160,0.10000000149011612,0.9337999820709229,2.3025808334350586,0.3211519420146942,0.4440999925136566,0.10000000149011612,2.3025147914886475,0.934499979019165,0.2969820499420166,0.10000000149011612,2.302583694458008
aa2c933d,main.py,2022-05-24 07:50:05,1:48:33,completed,vgg16_cifar10,alds,cifar10,cuda,vgg16,160,160,alignment_output_sampling,0.7,160,0.10000000149011612,0.9336000084877014,2.3025803565979004,0.3158995807170868,0.6919999718666077,0.10000000149011612,2.302523374557495,0.9354000091552734,0.3092534840106964,0.10000000149011612,2.3025405406951904
80880eee,main.py,2022-05-24 07:49:19,1:49:57,completed,vgg16_cifar10,alds,cifar10,cuda,vgg16,160,160,alignment_output_sampling,0.89,160,0.8962000012397766,0.934499979019165,0.5276724696159363,0.3156326413154602,0.871399998664856,0.8988999724388123,0.41274720430374146,0.9358000159263611,0.3020097613334656,0.10000000149011612,2.3057971000671387
35ee65dd,main.py,2022-05-24 07:39:42,2:10:54,completed,vgg16_cifar10,alds,cifar10,cuda,vgg16,160,160,alignment_output_sampling,0.93,160,0.917900025844574,0.9351000189781189,0.39556288719177246,0.31804919242858887,0.9146000146865845,0.9186999797821045,0.3171369433403015,0.9351999759674072,0.3063369691371918,0.10000000149011612,2.334761142730713
6e1f17bf,main.py,2022-05-24 07:38:05,2:10:42,completed,vgg16_cifar10,alds,cifar10,cuda,vgg16,160,160,alignment_output_sampling,0.96,160,0.8967000246047974,0.9348999857902527,0.4746776819229126,0.30932363867759705,0.9527999758720398,0.9003999829292297,0.3719243109226227,0.9366999864578247,0.3051266372203827,0.10000000149011612,2.418647527694702
23e9b7b5,main.py,2022-05-24 07:33:01,2:10:42,completed,vgg16_cifar10,alds,cifar10,cuda,vgg16,160,160,alignment_output_sampling,0.97,160,0.892300009727478,0.9372000098228455,0.5069156885147095,0.3102528750896454,0.9661999940872192,0.8952000141143799,0.3887384831905365,0.9372000098228455,0.3008747398853302,0.10000000149011612,2.32519793510437
aee1999b,main.py,2022-05-24 07:32:17,2:09:50,completed,vgg16_cifar10,alds,cifar10,cuda,vgg16,160,160,alignment_output_sampling,0.975,160,0.8981999754905701,0.9380999803543091,0.45163851976394653,0.30788126587867737,0.9710999727249146,0.8981999754905701,0.3675425946712494,0.9380999803543091,0.29888173937797546,0.10000000149011612,2.358213424682617
7dcdc44c,main.py,2022-05-24 06:52:25,1:56:23,completed,vgg16_cifar10,alds,cifar10,cuda,vgg16,160,160,alignment_output_sampling,0.98,160,0.8773999810218811,0.9340999722480774,0.4795621931552887,0.3072143793106079,0.9771000146865845,0.8809000253677368,0.4015580117702484,0.9362000226974487,0.2926405668258667,0.10000000149011612,2.307572603225708
cd3b0960,main.py,2022-05-24 06:10:29,7:22:18,completed,vgg16_cifar10,alds,cifar10,cuda,vgg16,160,160,alignment_output_sampling,0.99,160,0.8633000254631042,0.9340000152587891,0.4355742633342743,0.3152167797088623,0.9896000027656555,0.8676999807357788,0.4307999610900879,0.9365000128746033,0.2792380452156067,0.10000000149011612,2.34363055229187
f6f4e6bb,main.py,2022-05-24 06:00:53,1:51:41,completed,vgg16_cifar10,alds,cifar10,cuda,vgg16,160,160,alignment_output,0.5,160,0.9398000240325928,0.9369999766349792,0.26437684893608093,0.30758869647979736,0.3880999982357025,0.9405999779701233,0.2627481520175934,0.9370999932289124,0.298976868391037,0.9366000294685364,0.31002089381217957
27721445,main.py,2022-05-24 06:00:26,1:52:22,completed,vgg16_cifar10,alds,cifar10,cuda,vgg16,160,160,alignment_output,0.7,160,0.9380999803543091,0.9354000091552734,0.27035507559776306,0.3243280351161957,0.6836000084877014,0.9391000270843506,0.27035507559776306,0.9358999729156494,0.30477240681648254,0.932699978351593,0.33455976843833923
59e38e38,main.py,2022-05-24 05:59:25,1:50:39,completed,vgg16_cifar10,alds,cifar10,cuda,vgg16,160,160,alignment_output,0.89,160,0.9344000220298767,0.932699978351593,0.2982321083545685,0.3158339262008667,0.8808000087738037,0.9355000257492065,0.2952391505241394,0.9340999722480774,0.29583269357681274,0.44530001282691956,1.8219590187072754
058063ec,main.py,2022-05-24 05:57:19,1:53:11,completed,vgg16_cifar10,alds,cifar10,cuda,vgg16,160,160,alignment_output,0.93,160,0.9282000064849854,0.9369000196456909,0.3363048732280731,0.31537288427352905,0.9232000112533569,0.9294999837875366,0.3068367838859558,0.9383000135421753,0.3140632212162018,0.10000000149011612,3.5942442417144775
23987250,main.py,2022-05-24 05:57:19,1:51:59,completed,vgg16_cifar10,alds,cifar10,cuda,vgg16,160,160,alignment_output,0.96,160,0.9114999771118164,0.9343000054359436,0.41124817728996277,0.31225788593292236,0.9581999778747559,0.9146000146865845,0.31806638836860657,0.9348999857902527,0.3029731214046478,0.10000000149011612,2.4952828884124756
f454104f,main.py,2022-05-24 05:10:17,2:29:23,completed,vgg16_cifar10,square,cifar10,cuda,vgg16,160,160,magnitude,0.93,160,0.10000000149011612,0.9355999827384949,2.3025858402252197,0.3047458827495575,0.9153000116348267,0.10000000149011612,2.3025407791137695,0.9380999803543091,0.29173335433006287,0.10000000149011612,2.3051531314849854
6ec0d438,main.py,2022-05-24 05:08:30,2:29:34,completed,vgg16_cifar10,square,cifar10,cuda,vgg16,160,160,magnitude,0.96,160,0.10000000149011612,0.9340999722480774,2.3025879859924316,0.31654825806617737,0.9531000256538391,0.10000000149011612,2.302496910095215,0.935699999332428,0.3107408583164215,0.10000000149011612,2.3055057525634766
bf53b19c,main.py,2022-05-24 05:04:05,2:28:55,completed,vgg16_cifar10,square,cifar10,cuda,vgg16,160,160,magnitude,0.97,160,0.10000000149011612,0.9345999956130981,2.3025834560394287,0.31085488200187683,0.965399980545044,0.10000000149011612,2.302480697631836,0.9351000189781189,0.2993590533733368,0.10000000149011612,2.304987907409668
7bff1dc9,main.py,2022-05-24 05:03:49,2:28:28,completed,vgg16_cifar10,square,cifar10,cuda,vgg16,160,160,magnitude,0.975,160,0.10000000149011612,0.9365000128746033,2.3025856018066406,0.31792858242988586,0.9713000059127808,0.10000000149011612,2.302530527114868,0.9365000128746033,0.29709097743034363,0.10000000149011612,2.303154706954956
737f83d8,main.py,2022-05-24 04:28:44,2:23:38,completed,vgg16_cifar10,square,cifar10,cuda,vgg16,160,160,magnitude,0.98,160,0.10000000149011612,0.9362000226974487,2.302582025527954,0.3173607885837555,0.9775999784469604,0.10000000149011612,2.3025267124176025,0.9365000128746033,0.30272963643074036,0.10000000149011612,2.30325984954834
b0c89b49,main.py,2022-05-24 04:06:53,1:54:00,completed,vgg16_cifar10,square,cifar10,cuda,vgg16,160,160,magnitude,0.985,160,0.10000000149011612,0.9330999851226807,2.302586793899536,0.3186369240283966,0.9829999804496765,0.10000000149011612,2.3025052547454834,0.9333999752998352,0.30363819003105164,0.10000000149011612,2.3028225898742676
9e5fd90d,main.py,2022-05-24 04:06:02,1:54:23,completed,vgg16_cifar10,square,cifar10,cuda,vgg16,160,160,magnitude,0.99,160,0.10000000149011612,0.9380000233650208,2.3025825023651123,0.3113143742084503,0.9887999892234802,0.10000000149011612,2.3025155067443848,0.9380000233650208,0.30010998249053955,0.10000000149011612,2.302532196044922
9245ba60,main.py,2022-05-24 04:04:27,1:54:58,completed,vgg16_cifar10,square,cifar10,cuda,vgg16,160,160,relative_error,0.5,160,0.9366000294685364,0.9359999895095825,0.25930055975914,0.3078869879245758,0.05590000003576279,0.9376000165939331,0.2559196949005127,0.9369000196456909,0.29196974635124207,0.9235000014305115,0.3595275282859802
d757495a,main.py,2022-05-24 04:03:41,1:53:36,completed,vgg16_cifar10,square,cifar10,cuda,vgg16,160,160,relative_error,0.7,160,0.9358000159263611,0.9341999888420105,0.26558104157447815,0.3136695623397827,0.47279998660087585,0.9362999796867371,0.2639164328575134,0.9359999895095825,0.3088187277317047,0.9272000193595886,0.3595105707645416
92b28c89,main.py,2022-05-24 04:03:03,1:54:04,completed,vgg16_cifar10,square,cifar10,cuda,vgg16,160,160,relative_error,0.89,160,0.9391000270843506,0.9355999827384949,0.2688921391963959,0.3096325695514679,0.8251000046730042,0.9391000270843506,0.2671690285205841,0.9376000165939331,0.29263389110565186,0.7014999985694885,0.9822776913642883
9183a31c,main.py,2022-05-24 03:46:22,2:24:06,completed,vgg16_cifar10,square,cifar10,cuda,vgg16,160,160,relative_error,0.93,160,0.9291999936103821,0.9354000091552734,0.2973632514476776,0.3225051760673523,0.8903999924659729,0.9301999807357788,0.2950354814529419,0.9354000091552734,0.3069715201854706,0.12359999865293503,2.283627510070801
28ab22b9,main.py,2022-05-24 02:41:04,2:29:12,completed,vgg16_cifar10,square,cifar10,cuda,vgg16,160,160,relative_error,0.96,160,0.926800012588501,0.9337000250816345,0.3378658890724182,0.3218768835067749,0.9404000043869019,0.9279000163078308,0.31062886118888855,0.9337999820709229,0.30443522334098816,0.10000000149011612,2.312725067138672
1e9b1479,main.py,2022-05-24 02:39:28,2:29:01,completed,vgg16_cifar10,square,cifar10,cuda,vgg16,160,160,relative_error,0.97,160,0.9199000000953674,0.9333000183105469,0.3651319444179535,0.31347790360450745,0.9545999765396118,0.920799970626831,0.30743640661239624,0.935699999332428,0.3026846945285797,0.10000000149011612,2.306241512298584
63404881,main.py,2022-05-24 02:36:52,2:26:56,completed,vgg16_cifar10,square,cifar10,cuda,vgg16,160,160,relative_error,0.975,160,0.9146000146865845,0.9358000159263611,0.3795057237148285,0.31357941031455994,0.9629999995231628,0.9160000085830688,0.3266522288322449,0.9369000196456909,0.30329710245132446,0.10000000149011612,2.3155245780944824
0beb270f,main.py,2022-05-24 02:36:44,2:27:20,completed,vgg16_cifar10,square,cifar10,cuda,vgg16,160,160,relative_error,0.98,160,0.8963000178337097,0.9369000196456909,0.462354838848114,0.3116372227668762,0.9710999727249146,0.8986999988555908,0.36151832342147827,0.9369000196456909,0.29704099893569946,0.10000000149011612,2.308026075363159
62d16e43,main.py,2022-05-24 02:12:19,1:54:33,completed,vgg16_cifar10,square,cifar10,cuda,vgg16,160,160,relative_error,0.985,160,0.8944000005722046,0.9348000288009644,0.41207432746887207,0.31584930419921875,0.9782000184059143,0.8960999846458435,0.3609633147716522,0.935699999332428,0.30261528491973877,0.10000000149011612,2.3062984943389893
dbd2a1f5,main.py,2022-05-24 02:11:33,1:54:28,completed,vgg16_cifar10,square,cifar10,cuda,vgg16,160,160,relative_error,0.99,160,0.8733999729156494,0.9358999729156494,0.43869417905807495,0.29384031891822815,0.9864000082015991,0.8751999735832214,0.41060131788253784,0.9377999901771545,0.2907505929470062,0.10000000149011612,2.3041741847991943
faf6e7c6,main.py,2022-05-24 02:09:26,1:54:14,completed,vgg16_cifar10,square,cifar10,cuda,vgg16,160,160,alignment_output_sampling,0.5,160,0.923799991607666,0.9380000233650208,0.3590559661388397,0.29620644450187683,0.25189998745918274,0.9251999855041504,0.31068336963653564,0.9381999969482422,0.2956647574901581,0.10000000149011612,2.3027501106262207
7e855e4d,main.py,2022-05-24 02:09:10,1:55:16,completed,vgg16_cifar10,square,cifar10,cuda,vgg16,160,160,alignment_output_sampling,0.7,160,0.9189000129699707,0.935699999332428,0.37650901079177856,0.30388200283050537,0.58160001039505,0.9200000166893005,0.32601240277290344,0.9362999796867371,0.3019510805606842,0.10000000149011612,2.3029093742370605
ab7d2a4a,main.py,2022-05-24 02:09:04,2:19:39,completed,vgg16_cifar10,square,cifar10,cuda,vgg16,160,160,alignment_output_sampling,0.89,160,0.9293000102043152,0.9347000122070312,0.3125009834766388,0.3249669671058655,0.8327000141143799,0.9309999942779541,0.2865380346775055,0.9351999759674072,0.3114171028137207,0.10000000149011612,2.3079752922058105
d9d0e29c,main.py,2022-05-24 02:08:58,1:54:05,completed,vgg16_cifar10,square,cifar10,cuda,vgg16,160,160,alignment_output_sampling,0.93,160,0.9247000217437744,0.9329000115394592,0.32311198115348816,0.3228451609611511,0.8870999813079834,0.9258999824523926,0.3094792366027832,0.9337000250816345,0.2969478368759155,0.10000000149011612,2.3105287551879883
3749dea7,main.py,2022-05-23 23:56:57,3:49:25,completed,vgg16_cifar10,square,cifar10,cuda,vgg16,160,160,alignment_output_sampling,0.96,160,0.9031000137329102,0.9358999729156494,0.44342201948165894,0.3199954628944397,0.9348999857902527,0.9059000015258789,0.35882920026779175,0.9376000165939331,0.30736759305000305,0.10000000149011612,2.3156208992004395
330ec6c7,main.py,2022-05-23 23:56:53,2:39:58,completed,vgg16_cifar10,square,cifar10,cuda,vgg16,160,160,alignment_output,0.5,160,0.9365000128746033,0.9319999814033508,0.2635929584503174,0.3262426555156708,0.11490000039339066,0.9381999969482422,0.2624738812446594,0.9319999814033508,0.29126524925231934,0.9320999979972839,0.33219146728515625
1d0f89a1,main.py,2022-05-23 23:56:53,2:44:11,completed,vgg16_cifar10,square,cifar10,cuda,vgg16,160,160,alignment_output,0.7,160,0.9401999711990356,0.9351999759674072,0.252424418926239,0.31327444314956665,0.5273000001907349,0.9412999749183655,0.25041428208351135,0.9366000294685364,0.2844724655151367,0.9337000250816345,0.3192342221736908
bc3642a5,main.py,2022-05-23 23:56:52,2:12:11,completed,vgg16_cifar10,square,cifar10,cuda,vgg16,160,160,alignment_output,0.89,160,0.9365000128746033,0.9332000017166138,0.2792929708957672,0.3190211355686188,0.8464000225067139,0.9373999834060669,0.2792929708957672,0.9347000122070312,0.30957916378974915,0.6394000053405762,1.1144070625305176
b9e578ed,main.py,2022-05-23 23:56:52,2:12:05,completed,vgg16_cifar10,square,cifar10,cuda,vgg16,160,160,alignment_output,0.93,160,0.9366000294685364,0.9348000288009644,0.2817593216896057,0.3197680413722992,0.906000018119812,0.9372000098228455,0.28080135583877563,0.9348999857902527,0.3105832636356354,0.10000000149011612,2.559135913848877
388b615d,main.py,2022-05-23 23:56:51,2:12:18,completed,vgg16_cifar10,square,cifar10,cuda,vgg16,160,160,alignment_output,0.96,160,0.9275000095367432,0.9333000183105469,0.33424144983291626,0.3152522146701813,0.953499972820282,0.9275000095367432,0.304327130317688,0.9344000220298767,0.2925023138523102,0.10000000149011612,2.3400187492370605
bcbc0fa9,main.py,2022-05-23 23:56:51,2:15:27,completed,vgg16_cifar10,square,cifar10,cuda,vgg16,160,160,alignment_output,0.97,160,0.9210000038146973,0.9370999932289124,0.37877580523490906,0.29358455538749695,0.9692999720573425,0.9218000173568726,0.3172502815723419,0.9377999901771545,0.29044628143310547,0.10000000149011612,2.3330612182617188
645f0e26,main.py,2022-05-23 23:56:50,2:12:35,completed,vgg16_cifar10,square,cifar10,cuda,vgg16,160,160,alignment_output,0.975,160,0.9118000268936157,0.9370999932289124,0.4086395800113678,0.296312540769577,0.9743000268936157,0.9136000275611877,0.34286993741989136,0.9379000067710876,0.2939291000366211,0.10000000149011612,2.31663179397583
38d082c9,main.py,2022-05-23 23:56:50,2:14:43,completed,vgg16_cifar10,square,cifar10,cuda,vgg16,160,160,alignment_output,0.98,160,0.9074000120162964,0.9329000115394592,0.4202194809913635,0.31659072637557983,0.9815000295639038,0.909600019454956,0.3414022624492645,0.9341999888420105,0.2952144742012024,0.09539999812841415,2.317488193511963
ade75b0f,main.py,2022-05-23 23:56:48,2:39:56,completed,vgg16_cifar10,square,cifar10,cuda,vgg16,160,160,alignment_output,0.985,160,0.8946999907493591,0.9350000023841858,0.4130087196826935,0.31468018889427185,0.9860000014305115,0.8984000086784363,0.36264368891716003,0.9361000061035156,0.29922813177108765,0.10000000149011612,2.3133931159973145
ecf10e10,main.py,2022-05-23 23:56:47,2:42:40,completed,vgg16_cifar10,square,cifar10,cuda,vgg16,160,160,alignment_output,0.99,160,0.8809999823570251,0.9354000091552734,0.4030516743659973,0.2974594831466675,0.9919999837875366,0.883400022983551,0.39058762788772583,0.9375,0.29117336869239807,0.10000000149011612,2.3113811016082764
